departure_date,total_trips,ebike_trips,avg_distance_km,avg_duration_min,unique_stations,round_trips,weather_temp_max,weather_temp_min,weather_temp_avg,weather_feelslike,weather_precip_mm,weather_precip_prob,weather_snow,weather_windspeed,weather_cloudcover,weather_uvindex,weather_conditions,weather_icon,weather_humidity,weather_bucket,month,month_name,dow,season,ebike_pct
2018-11-30,1,0,0.012,1102.7333333333333,1,0,,,,,,,,,,,,,,,11,November,Friday,Fall,0.0
2018-12-02,1,0,1.77,15.466666666666667,1,0,,,,,,,,,,,,,,,12,December,Sunday,Winter,0.0
2018-12-03,1,0,1.97,15.616666666666667,1,0,,,,,,,,,,,,,,,12,December,Monday,Winter,0.0
2018-12-04,1,0,0.0,0.26666666666666666,1,0,,,,,,,,,,,,,,,12,December,Tuesday,Winter,0.0
2018-12-05,3,0,0.0,0.27777777777777773,1,0,,,,,,,,,,,,,,,12,December,Wednesday,Winter,0.0
2018-12-06,1,0,0.0,0.2833333333333333,1,0,,,,,,,,,,,,,,,12,December,Thursday,Winter,0.0
2024-09-13,1,1,0.0,0.11666666666666667,1,0,,,,,,,,,,,,,,,9,September,Friday,Fall,100.0
2024-09-15,6,6,0.4151666666666667,19.45,1,0,,,,,,,,,,,,,,,9,September,Sunday,Fall,100.0
2024-09-16,1,0,0.0,1.2166666666666666,1,0,,,,,,,,,,,,,,,9,September,Monday,Fall,0.0
2024-09-18,2,1,0.015,0.47500000000000003,1,0,,,,,,,,,,,,,,,9,September,Wednesday,Fall,50.0
2024-09-19,1,0,0.0,0.35,1,0,,,,,,,,,,,,,,,9,September,Thursday,Fall,0.0
2025-01-01,1488,614,2.8971673387096772,34.146538978494625,221,261,5.9,2.7,4.8,3.7,0.0,0.0,0.0,9.1,39.7,1.0,Partially cloudy,partly-cloudy-day,82.2,Partly Cloudy,1,January,Wednesday,Winter,41.3
2025-01-02,1181,517,2.228843353090601,13.402921253175275,225,122,5.2,3.1,4.5,3.6,2.595,100.0,0.0,11.0,56.1,0.0,"Rain, Partially cloudy",rain,89.5,Rain,1,January,Thursday,Winter,43.8
2025-01-03,1169,510,2.2398876561163386,14.428500142572,232,101,6.2,2.1,4.7,4.3,5.149,100.0,0.0,7.2,98.7,0.0,"Rain, Overcast",rain,96.2,Rain,1,January,Friday,Winter,43.6
2025-01-04,827,342,2.5082067714631195,15.131640467553407,202,78,7.5,6.0,7.0,5.3,8.993,100.0,0.0,13.9,99.5,0.0,"Rain, Overcast",rain,95.8,Rain,1,January,Saturday,Winter,41.4
2025-01-05,1646,735,2.5736504678007295,16.875850546780075,227,219,8.0,3.2,6.4,5.8,1.269,100.0,0.0,9.3,76.8,2.0,"Rain, Partially cloudy",rain,94.2,Rain,1,January,Sunday,Winter,44.7
2025-01-06,2091,920,2.5102560162601626,16.985150645624103,244,244,6.6,2.3,4.2,3.3,0.01,100.0,0.0,10.4,29.8,3.0,"Rain, Partially cloudy",rain,96.5,Rain,1,January,Monday,Winter,44.0
2025-01-07,2135,889,2.0484054613583136,13.9903981264637,245,187,6.0,2.2,4.3,4.0,0.627,100.0,0.0,7.0,84.2,1.0,"Rain, Partially cloudy",rain,95.1,Rain,1,January,Tuesday,Winter,41.6
2025-01-08,2327,1074,2.249826815642458,14.004619681993983,246,228,7.8,4.0,6.2,5.8,0.319,100.0,0.0,9.0,67.1,1.0,"Rain, Partially cloudy",rain,94.0,Rain,1,January,Wednesday,Winter,46.2
2025-01-09,2393,1019,2.312669314667781,15.647353391837305,247,261,7.7,3.3,5.8,5.5,0.0,0.0,0.0,8.7,70.9,2.0,Partially cloudy,partly-cloudy-day,92.2,Partly Cloudy,1,January,Thursday,Winter,42.6
2025-01-10,2058,840,2.158768221574344,15.30831713637836,244,216,8.4,5.0,7.0,4.6,8.1,100.0,0.0,27.8,76.6,2.0,"Rain, Partially cloudy",rain,91.2,Rain,1,January,Friday,Winter,40.8
2025-01-11,1668,686,2.2985199820143882,15.133832933653078,235,239,6.8,4.3,5.6,5.3,0.272,100.0,0.0,8.1,86.1,1.0,"Rain, Partially cloudy",rain,90.2,Rain,1,January,Saturday,Winter,41.1
2025-01-12,2040,821,2.7817205882352942,20.33424019607843,240,286,7.9,2.7,5.2,4.3,1.068,100.0,0.0,14.3,44.3,3.0,"Rain, Partially cloudy",rain,88.0,Rain,1,January,Sunday,Winter,40.2
2025-01-13,2049,881,2.1978924694973156,14.232023751423458,245,193,5.5,1.3,3.7,3.7,0.0,0.0,0.0,4.5,87.7,1.0,Partially cloudy,partly-cloudy-day,91.7,Partly Cloudy,1,January,Monday,Winter,43.0
2025-01-14,2545,1116,2.2164087779960706,16.28402095612312,247,251,6.3,2.0,4.2,4.0,0.0,0.0,0.0,6.0,69.0,2.0,Partially cloudy,partly-cloudy-day,90.2,Partly Cloudy,1,January,Tuesday,Winter,43.9
2025-01-15,2469,1051,2.335739303361685,14.456669366815175,246,255,6.8,1.5,4.2,3.8,0.0,0.0,0.0,10.7,25.9,3.0,Partially cloudy,partly-cloudy-day,90.9,Partly Cloudy,1,January,Wednesday,Winter,42.6
2025-01-16,2505,1141,2.198743844311377,14.823952095808384,246,289,7.8,3.5,5.2,3.1,0.818,100.0,0.0,26.7,50.5,3.0,"Rain, Partially cloudy",rain,87.3,Rain,1,January,Thursday,Winter,45.5
2025-01-17,2532,1171,2.4295638507109003,16.51710110584518,249,322,6.8,1.1,3.3,2.6,0.0,0.0,0.0,9.8,24.9,3.0,Partially cloudy,partly-cloudy-day,83.1,Partly Cloudy,1,January,Friday,Winter,46.2
2025-01-18,2250,843,2.6824705200000003,19.152592592592594,245,302,5.5,-0.6,2.7,2.1,0.0,0.0,0.0,7.3,44.4,3.0,Partially cloudy,partly-cloudy-day,78.8,Partly Cloudy,1,January,Saturday,Winter,37.5
2025-01-19,2100,813,2.784360157142857,21.37853968253968,239,338,5.6,-1.1,2.0,1.5,0.0,0.0,0.0,11.6,2.6,3.0,Clear,clear-day,77.9,Clear,1,January,Sunday,Winter,38.7
2025-01-20,2116,854,2.3124163516068053,15.863594833018274,242,216,3.9,-1.1,1.7,1.7,0.0,0.0,0.0,4.4,67.8,3.0,Partially cloudy,partly-cloudy-day,75.7,Partly Cloudy,1,January,Monday,Winter,40.4
2025-01-21,2326,913,2.1168162811693896,13.541996274004013,242,218,4.8,-0.7,2.0,1.1,0.062,100.0,0.0,7.8,65.2,2.0,"Snow, Rain, Partially cloudy",rain,82.0,Snow,1,January,Tuesday,Winter,39.3
2025-01-22,2170,897,2.2004516129032257,15.6281490015361,246,185,4.7,-0.4,2.4,2.1,0.0,0.0,0.0,6.4,69.2,2.0,Partially cloudy,partly-cloudy-day,79.6,Partly Cloudy,1,January,Wednesday,Winter,41.3
2025-01-23,2245,935,2.265833706013363,13.582694877505569,244,207,4.6,-0.6,2.2,1.8,0.0,0.0,0.0,7.3,56.8,3.0,Partially cloudy,partly-cloudy-day,85.1,Partly Cloudy,1,January,Thursday,Winter,41.6
2025-01-24,2427,1015,2.3935434693036672,17.154868836698256,250,290,6.3,-1.0,2.3,1.2,0.0,0.0,0.0,12.9,10.1,4.0,Clear,clear-day,79.4,Clear,1,January,Friday,Winter,41.8
2025-01-25,2344,919,2.7531862926621162,19.186895620022753,243,351,6.6,-0.9,2.5,1.6,0.0,0.0,0.0,10.4,12.4,4.0,Clear,clear-day,66.8,Clear,1,January,Saturday,Winter,39.2
2025-01-26,2065,789,2.741761898305085,22.753422114608554,239,280,6.3,-1.1,2.4,2.1,0.0,0.0,0.0,7.6,7.2,4.0,Clear,clear-day,74.9,Clear,1,January,Sunday,Winter,38.2
2025-01-27,2235,870,2.271098586129754,16.89988068605518,249,258,6.1,-0.9,2.2,2.0,0.0,0.0,0.0,7.4,2.6,4.0,Clear,clear-day,80.4,Clear,1,January,Monday,Winter,38.9
2025-01-28,2252,976,2.315646980461812,14.89026791000592,244,217,5.9,-0.7,2.3,2.0,0.0,0.0,0.0,7.9,16.7,4.0,Clear,clear-day,87.5,Clear,1,January,Tuesday,Winter,43.3
2025-01-29,2293,957,2.4098854470126474,15.37163105102486,248,228,6.3,-0.3,2.6,2.3,0.021,100.0,0.0,8.3,19.7,4.0,Rain,rain,88.6,Rain,1,January,Wednesday,Winter,41.7
2025-01-30,1606,706,2.16926297011208,16.44983395599834,232,122,4.8,3.1,4.2,1.7,7.424,100.0,0.0,13.5,96.1,1.0,"Rain, Overcast",rain,91.2,Rain,1,January,Thursday,Winter,44.0
2025-01-31,907,426,2.089660418963616,14.101084160235207,208,71,6.0,3.4,5.0,1.9,28.857,100.0,1.0,28.7,79.4,0.0,"Rain, Partially cloudy",snow,92.8,Rain,1,January,Friday,Winter,47.0
2025-02-01,1395,612,2.2595655913978496,15.716857825567503,231,166,4.5,1.0,3.0,0.4,0.568,100.0,0.2,16.4,75.6,3.0,"Rain, Partially cloudy",snow,81.0,Rain,2,February,Saturday,Winter,43.9
2025-02-02,355,136,1.9442253521126762,16.96892018779343,138,36,3.0,0.0,1.4,-1.6,11.169,100.0,1.4,15.0,76.9,1.0,"Snow, Rain, Partially cloudy",snow,91.5,Snow,2,February,Sunday,Winter,38.3
2025-02-03,310,126,1.845340870967742,16.134032258064515,126,25,0.0,-2.5,-1.8,-3.8,3.522,100.0,4.6,16.2,87.2,1.0,"Snow, Rain, Partially cloudy",snow,88.0,Snow,2,February,Monday,Winter,40.6
2025-02-04,430,170,2.10096511627907,22.84391472868217,150,38,-0.2,-3.5,-2.2,-3.5,2.438,100.0,1.2,7.3,57.1,2.0,"Snow, Partially cloudy",snow,81.9,Snow,2,February,Tuesday,Winter,39.5
2025-02-05,725,312,2.0657917241379313,14.953862068965517,188,49,-0.5,-5.4,-2.6,-4.7,0.004,100.0,0.0,8.4,72.5,2.0,"Snow, Rain, Partially cloudy",snow,73.6,Snow,2,February,Wednesday,Winter,43.0
2025-02-06,1082,447,2.2273530499075784,18.29859827479975,210,87,1.1,-2.1,-0.8,-2.5,0.004,100.0,0.0,10.2,55.5,4.0,"Snow, Rain, Partially cloudy",rain,82.8,Snow,2,February,Thursday,Winter,41.3
2025-02-07,1207,484,2.1890356255178127,17.119152167909416,215,125,2.2,-3.7,-0.8,-2.9,0.0,0.0,0.0,9.3,43.8,4.0,Partially cloudy,partly-cloudy-day,74.3,Partly Cloudy,2,February,Friday,Winter,40.1
2025-02-08,1112,441,2.279072841726619,17.04228117505995,213,115,3.7,-0.9,1.2,0.2,0.243,100.0,0.0,9.1,63.7,2.0,"Rain, Partially cloudy",rain,81.3,Rain,2,February,Saturday,Winter,39.7
2025-02-09,998,390,2.2997955911823644,17.175233800935207,200,117,2.6,-0.6,0.9,0.2,0.058,100.0,0.3,8.2,53.3,2.0,"Snow, Rain, Partially cloudy",snow,78.3,Snow,2,February,Sunday,Winter,39.1
2025-02-10,1476,596,2.248098468834688,15.500271002710027,230,142,3.1,-2.7,-0.4,-2.0,0.0,0.0,0.0,10.4,18.5,4.0,Clear,clear-day,64.9,Clear,2,February,Monday,Winter,40.4
2025-02-11,1625,635,2.0360537415384616,13.30900512820513,235,157,1.2,-5.0,-2.1,-3.2,0.0,0.0,0.0,9.3,1.4,4.0,Clear,clear-day,65.8,Clear,2,February,Tuesday,Winter,39.1
2025-02-12,1296,505,2.1084673379629626,16.047093621399178,231,133,2.5,-4.6,-1.0,-1.7,0.0,0.0,0.0,6.8,11.2,4.0,Clear,clear-day,69.7,Clear,2,February,Wednesday,Winter,39.0
2025-02-13,1324,461,2.154428247734139,17.442598187311177,231,142,3.9,-2.9,0.3,-0.2,0.0,0.0,0.0,7.1,73.4,5.0,Partially cloudy,partly-cloudy-day,74.7,Partly Cloudy,2,February,Thursday,Winter,34.8
2025-02-14,1101,358,2.4692661217075385,19.741568271268545,222,125,6.6,-0.8,2.9,1.9,0.034,100.0,0.0,10.6,64.1,4.0,"Rain, Partially cloudy",rain,72.6,Rain,2,February,Friday,Winter,32.5
2025-02-15,715,260,2.2458699300699303,18.13202797202797,201,62,4.9,2.8,3.9,1.4,2.838,100.0,0.3,14.6,99.6,1.0,"Rain, Overcast",snow,88.5,Rain,2,February,Saturday,Winter,36.4
2025-02-16,843,328,2.4106310794780548,25.556425464610516,208,119,6.8,3.9,5.0,3.7,5.098,100.0,0.9,10.8,91.1,2.0,"Rain, Overcast",snow,94.6,Rain,2,February,Sunday,Winter,38.9
2025-02-17,1330,592,2.907452127819549,24.891190476190477,225,237,7.8,4.3,5.4,5.2,1.322,100.0,0.0,8.2,88.1,3.0,"Rain, Partially cloudy",rain,93.8,Rain,2,February,Monday,Winter,44.5
2025-02-18,1736,705,2.3830503052995393,16.453168202764978,230,181,9.3,4.9,7.0,5.9,0.346,100.0,0.0,14.6,94.1,4.0,"Rain, Overcast",rain,88.2,Rain,2,February,Tuesday,Winter,40.6
2025-02-19,1151,553,2.2024404865334493,13.316174341152621,216,110,9.3,6.6,8.0,5.4,15.888,100.0,0.0,24.4,98.6,1.0,"Rain, Overcast",rain,88.8,Rain,2,February,Wednesday,Winter,48.0
2025-02-20,1755,730,2.3929722678062677,16.78774928774929,243,197,8.3,6.3,7.2,5.6,1.534,100.0,0.0,12.7,85.1,2.0,"Rain, Partially cloudy",rain,90.1,Rain,2,February,Thursday,Winter,41.6
2025-02-21,813,358,2.117729397293973,12.945530955309554,215,64,8.2,6.1,7.1,5.2,19.132,100.0,0.0,15.0,54.4,1.0,"Rain, Partially cloudy",rain,94.5,Rain,2,February,Friday,Winter,44.0
2025-02-22,889,364,2.133609673790776,14.306580427446569,216,105,10.0,8.1,9.1,7.3,17.805,100.0,0.0,15.2,99.8,0.0,"Rain, Overcast",rain,94.3,Rain,2,February,Saturday,Winter,40.9
2025-02-23,1721,689,2.8433323649041253,22.729169087739688,226,259,11.2,7.0,8.9,7.7,7.854,100.0,0.0,12.1,85.1,4.0,"Rain, Partially cloudy",rain,91.0,Rain,2,February,Sunday,Winter,40.0
2025-02-24,1489,650,2.2569523169912693,14.51537944929483,228,183,10.5,7.5,8.6,6.6,6.374,100.0,0.0,23.2,90.9,2.0,"Rain, Overcast",rain,85.2,Rain,2,February,Monday,Winter,43.7
2025-02-25,1508,654,2.24412599469496,18.589732537577365,235,183,9.8,6.3,8.0,6.0,31.323,100.0,0.0,27.0,57.6,5.0,"Rain, Partially cloudy",rain,91.1,Rain,2,February,Tuesday,Winter,43.4
2025-02-26,2581,1153,2.302383053080202,15.393910628955187,247,331,11.4,7.0,8.4,7.5,0.062,100.0,0.0,11.2,72.6,5.0,"Rain, Partially cloudy",rain,84.3,Rain,2,February,Wednesday,Winter,44.7
2025-02-27,2664,1085,2.401363866366366,14.246296296296295,245,356,13.1,6.5,9.7,9.0,0.15,100.0,0.0,13.4,22.4,5.0,"Rain, Partially cloudy",rain,80.0,Rain,2,February,Thursday,Winter,40.7
2025-02-28,2988,1213,2.6254914089692103,18.253302097278002,247,433,12.3,7.5,9.4,9.2,0.0,0.0,0.0,12.2,15.6,5.0,Clear,clear-day,85.8,Clear,2,February,Friday,Winter,40.6
2025-03-01,3111,1228,2.926272369013179,20.586070931104683,244,541,12.1,5.3,8.5,8.3,0.0,0.0,0.0,10.4,21.8,5.0,Partially cloudy,partly-cloudy-day,82.7,Partly Cloudy,3,March,Saturday,Spring,39.5
2025-03-02,2378,959,2.8750773759461734,22.949579478553407,244,422,10.3,6.1,8.2,7.5,0.0,0.0,0.0,14.2,27.5,6.0,Partially cloudy,partly-cloudy-day,89.9,Partly Cloudy,3,March,Sunday,Spring,40.3
2025-03-03,2109,896,2.3298263015647227,16.229058005373798,242,273,10.6,6.2,8.5,8.0,0.828,100.0,0.0,8.8,30.1,3.0,"Rain, Partially cloudy",rain,91.0,Rain,3,March,Monday,Spring,42.5
2025-03-04,1551,715,2.1779840941328175,12.25522243713733,233,164,9.8,6.7,8.2,6.6,5.68,100.0,0.0,14.9,32.9,1.0,"Rain, Partially cloudy",rain,87.0,Rain,3,March,Tuesday,Spring,46.1
2025-03-05,2715,1194,2.399691344383057,14.935880908532841,249,338,10.4,3.9,7.4,6.8,0.574,100.0,0.0,8.6,13.4,4.0,Rain,rain,84.1,Rain,3,March,Wednesday,Spring,44.0
2025-03-06,2889,1260,2.7347640463828315,19.903074881735318,248,421,9.5,2.5,5.9,4.5,0.0,0.0,0.0,14.4,5.0,6.0,Clear,clear-day,82.6,Clear,3,March,Thursday,Spring,43.6
2025-03-07,2477,1062,2.384882652402099,15.062333467904724,244,324,9.7,4.9,7.2,5.6,0.154,100.0,0.0,14.5,30.0,3.0,"Rain, Partially cloudy",rain,80.8,Rain,3,March,Friday,Spring,42.9
2025-03-08,513,258,2.00235477582846,13.289473684210526,185,57,9.9,5.8,7.3,4.9,35.29,100.0,0.0,17.8,33.3,1.0,"Rain, Partially cloudy",rain,92.3,Rain,3,March,Saturday,Spring,50.3
2025-03-09,721,311,2.1041881692094315,14.640106333795654,191,95,10.1,3.9,7.9,6.2,13.88,100.0,0.0,19.4,30.0,1.0,"Rain, Partially cloudy",rain,86.1,Rain,3,March,Sunday,Spring,43.1
2025-03-10,1800,726,2.3947224111111107,15.47025925925926,235,177,7.9,3.5,5.1,3.6,1.557,100.0,0.0,12.5,9.9,5.0,Rain,rain,88.0,Rain,3,March,Monday,Spring,40.3
2025-03-11,1296,573,1.9870455246913579,11.333179012345678,223,116,6.3,4.8,5.6,3.1,3.679,100.0,0.0,15.6,21.1,1.0,"Rain, Partially cloudy",rain,91.0,Rain,3,March,Tuesday,Spring,44.2
2025-03-12,1293,586,2.243262954369683,14.064823408094869,229,138,7.9,4.8,6.3,4.5,13.105,100.0,0.0,14.8,29.2,1.0,"Rain, Partially cloudy",rain,91.7,Rain,3,March,Wednesday,Spring,45.3
2025-03-13,2258,966,2.3559418334809568,14.271803956303513,245,280,8.9,4.1,5.8,4.1,1.226,100.0,0.3,24.2,31.3,6.0,"Rain, Partially cloudy",snow,81.9,Rain,3,March,Thursday,Spring,42.8
2025-03-14,2696,1229,2.5162827633531157,17.839311325420375,244,357,11.0,3.0,6.8,5.4,0.157,100.0,3.5,11.7,89.0,6.0,"Rain, Partially cloudy",snow,71.8,Rain,3,March,Friday,Spring,45.6
2025-03-15,1144,520,2.232352272727273,13.401442307692308,230,172,7.1,3.7,5.5,3.6,5.282,100.0,0.2,15.0,96.9,3.0,"Rain, Overcast",snow,85.5,Rain,3,March,Saturday,Spring,45.5
2025-03-16,2079,917,2.977676127946128,20.11681898348565,240,306,9.2,4.3,6.6,5.4,4.223,100.0,1.8,16.4,87.9,4.0,"Rain, Partially cloudy",snow,82.4,Rain,3,March,Sunday,Spring,44.1
2025-03-17,2801,1145,2.543305365940735,16.696168035225515,252,423,9.5,3.2,6.1,4.6,0.029,100.0,0.2,17.1,45.4,7.0,"Rain, Partially cloudy",snow,75.4,Rain,3,March,Monday,Spring,40.9
2025-03-18,2905,1157,2.432600457831325,16.313132530120484,248,416,9.2,1.9,5.9,4.7,0.0,0.0,0.0,13.0,66.4,5.0,Partially cloudy,partly-cloudy-day,71.2,Partly Cloudy,3,March,Tuesday,Spring,39.8
2025-03-19,1576,696,2.164927030456853,14.311802030456853,234,157,8.8,6.7,7.6,5.0,6.505,100.0,0.0,23.5,95.8,2.0,"Rain, Overcast",rain,73.7,Rain,3,March,Wednesday,Spring,44.2
2025-03-20,1569,644,2.2912606755895473,15.816220522625878,234,188,8.9,5.4,7.1,4.7,13.63,100.0,0.0,21.6,94.0,3.0,"Rain, Overcast",rain,83.7,Rain,3,March,Thursday,Spring,41.0
2025-03-21,1401,603,2.2894756102783727,16.050630502022365,225,157,8.4,4.7,6.7,5.0,12.82,100.0,0.0,17.5,83.3,2.0,"Rain, Partially cloudy",rain,87.5,Rain,3,March,Friday,Spring,43.0
2025-03-22,1997,815,2.9683767300951427,20.19678684693707,236,302,9.6,4.0,6.4,5.9,2.883,100.0,0.0,10.9,95.4,6.0,"Rain, Overcast",rain,84.4,Rain,3,March,Saturday,Spring,40.8
2025-03-23,522,247,2.100892720306513,13.378065134099618,184,72,8.3,4.9,6.3,3.9,32.746,100.0,0.0,16.5,99.6,1.0,"Rain, Overcast",rain,93.9,Rain,3,March,Sunday,Spring,47.3
2025-03-24,1135,522,2.2484775330396474,15.051483113069017,222,130,10.8,8.0,9.1,8.7,9.703,100.0,0.0,9.9,99.9,3.0,"Rain, Overcast",rain,95.7,Rain,3,March,Monday,Spring,46.0
2025-03-25,3236,1401,2.7807676143386897,19.532292954264523,244,502,15.6,8.8,11.2,11.2,6.17,100.0,0.0,10.5,80.1,6.0,"Rain, Partially cloudy",rain,91.5,Rain,3,March,Tuesday,Spring,43.3
2025-03-26,2913,1270,2.584312736010985,18.014229316855474,250,459,13.9,7.7,10.3,9.7,6.372,100.0,0.0,14.3,86.9,3.0,"Rain, Partially cloudy",rain,91.2,Rain,3,March,Wednesday,Spring,43.6
2025-03-27,2593,1124,2.6729370111839565,17.53386682092814,245,382,14.4,9.6,11.4,11.4,19.901,100.0,0.0,17.2,45.6,7.0,"Rain, Partially cloudy",rain,80.6,Rain,3,March,Thursday,Spring,43.3
2025-03-28,1607,649,2.303644679527069,15.452032773283552,235,189,10.2,8.9,9.5,7.8,6.342,100.0,0.0,18.0,90.3,1.0,"Rain, Overcast",rain,87.0,Rain,3,March,Friday,Spring,40.4
2025-03-29,2167,908,2.7837018920166128,22.554868481772036,239,368,11.4,7.0,8.8,7.7,3.806,100.0,0.0,16.7,79.4,5.0,"Rain, Partially cloudy",rain,81.8,Rain,3,March,Saturday,Spring,41.9
2025-03-30,2999,1200,3.0553022074024674,24.151356007558075,248,549,11.3,3.7,7.9,7.5,0.0,0.0,0.0,14.5,81.1,5.0,Partially cloudy,partly-cloudy-day,83.0,Partly Cloudy,3,March,Sunday,Spring,40.0
2025-03-31,2535,989,2.4003834319526627,16.265890861275476,248,325,12.0,7.9,9.7,9.1,3.138,100.0,0.0,13.0,86.4,7.0,"Rain, Partially cloudy",rain,80.4,Rain,3,March,Monday,Spring,39.0
2025-04-01,3072,1274,2.47326291015625,16.140049913194442,247,364,12.6,7.3,9.5,9.1,0.357,100.0,0.0,13.0,66.5,6.0,"Rain, Partially cloudy",rain,77.4,Rain,4,April,Tuesday,Spring,41.5
2025-04-02,2849,1204,2.40118252018252,15.56227331227331,249,394,11.9,6.3,8.5,7.9,5.557,100.0,0.0,15.5,39.6,8.0,"Rain, Partially cloudy",rain,76.6,Rain,4,April,Wednesday,Spring,42.3
2025-04-03,3559,1469,2.618730075864007,18.1624894633324,252,492,11.9,5.7,8.5,8.2,0.0,0.0,0.0,10.1,33.6,7.0,Partially cloudy,partly-cloudy-day,76.2,Partly Cloudy,4,April,Thursday,Spring,41.3
2025-04-04,3710,1473,2.6601607385444743,19.447996406109613,250,545,13.4,5.9,9.7,9.5,0.0,0.0,0.0,9.2,52.1,7.0,Partially cloudy,partly-cloudy-day,73.4,Partly Cloudy,4,April,Friday,Spring,39.7
2025-04-05,4727,1931,3.1366618701078908,24.205045483393274,250,885,17.6,6.8,12.0,12.0,0.0,0.0,0.0,7.5,54.1,7.0,Partially cloudy,partly-cloudy-day,64.2,Partly Cloudy,4,April,Saturday,Spring,40.9
2025-04-06,709,326,2.2782143864598026,18.163516690173953,199,88,13.0,9.7,11.1,11.0,28.857,100.0,0.0,13.4,98.3,1.0,"Rain, Overcast",rain,87.1,Rain,4,April,Sunday,Spring,46.0
2025-04-07,1560,646,2.1668814102564102,13.88474358974359,240,164,12.0,8.4,9.4,8.7,7.711,100.0,0.0,12.3,88.6,4.0,"Rain, Partially cloudy",rain,91.9,Rain,4,April,Monday,Spring,41.4
2025-04-08,1324,541,2.1155428021148035,11.986241188318226,229,100,10.1,7.5,8.6,6.7,13.786,100.0,0.0,18.9,88.1,1.0,"Rain, Partially cloudy",rain,89.5,Rain,4,April,Tuesday,Spring,40.9
2025-04-09,3297,1305,2.5298349014255384,17.71932059447983,251,423,13.0,7.0,9.8,9.3,0.229,100.0,0.0,12.2,74.1,8.0,"Rain, Partially cloudy",rain,79.1,Rain,4,April,Wednesday,Spring,39.6
2025-04-10,2905,1190,2.403601951807229,14.85033849684452,245,339,15.2,8.8,11.0,10.8,0.756,100.0,0.0,19.9,76.8,5.0,"Rain, Partially cloudy",rain,73.1,Rain,4,April,Thursday,Spring,41.0
2025-04-11,3186,1272,2.513914730069052,17.85235404896422,248,426,11.9,5.9,9.2,8.7,0.0,0.0,0.0,16.0,64.0,6.0,Partially cloudy,partly-cloudy-day,71.0,Partly Cloudy,4,April,Friday,Spring,39.9
2025-04-12,3667,1576,3.0081470793564224,23.298331969820925,248,712,12.3,5.6,8.9,6.9,0.096,100.0,0.0,23.1,35.8,8.0,"Rain, Partially cloudy",rain,68.5,Rain,4,April,Saturday,Spring,43.0
2025-04-13,3527,1389,3.145665060958321,23.567767696815046,249,635,12.6,5.2,9.0,8.5,0.016,100.0,0.0,9.9,52.3,8.0,"Rain, Partially cloudy",rain,70.9,Rain,4,April,Sunday,Spring,39.4
2025-04-14,3251,1252,2.6680421408797295,17.78751666154004,250,433,13.8,6.4,10.3,10.3,0.085,100.0,0.0,18.2,85.5,8.0,"Rain, Partially cloudy",rain,75.5,Rain,4,April,Monday,Spring,38.5
2025-04-15,3515,1390,2.5778013257467993,17.69227121858701,251,446,14.6,7.2,10.8,9.9,0.0,0.0,0.0,19.5,19.1,8.0,Clear,clear-day,76.0,Clear,4,April,Tuesday,Spring,39.5
2025-04-16,3782,1562,2.580973381808567,19.098977613255773,252,537,14.8,6.1,10.5,9.4,0.034,100.0,0.0,22.0,0.6,8.0,Rain,rain,69.8,Rain,4,April,Wednesday,Spring,41.3
2025-04-17,4030,1690,2.896552111662531,21.476662531017368,253,583,15.6,5.3,10.9,10.7,0.067,100.0,0.0,11.7,7.1,8.0,Rain,rain,55.7,Rain,4,April,Thursday,Spring,41.9
2025-04-18,4283,1759,3.3870916810646743,26.28474978597556,248,808,17.3,7.0,12.4,12.4,0.013,100.0,0.0,28.8,16.6,8.0,Rain,rain,61.4,Rain,4,April,Friday,Spring,41.1
2025-04-19,3682,1423,3.2831329902227053,26.900547709578127,249,816,14.3,8.6,11.0,10.1,0.503,100.0,0.0,29.8,56.7,8.0,"Rain, Partially cloudy",rain,66.7,Rain,4,April,Saturday,Spring,38.6
2025-04-20,3130,1264,3.0635191725239617,23.457917997870076,247,641,13.1,8.0,10.2,9.8,2.813,100.0,0.0,16.5,52.4,8.0,"Rain, Partially cloudy",rain,77.1,Rain,4,April,Sunday,Spring,40.4
2025-04-21,3226,1346,2.859030480471172,20.452691671833023,248,570,12.4,6.0,8.9,7.5,0.046,100.0,0.0,20.0,28.8,9.0,"Rain, Partially cloudy",rain,70.1,Rain,4,April,Monday,Spring,41.7
2025-04-22,3939,1502,2.717046796141153,18.93053651518998,252,514,13.2,4.8,9.3,9.1,0.069,100.0,0.0,11.4,16.2,8.0,Rain,rain,69.8,Rain,4,April,Tuesday,Spring,38.1
2025-04-23,3891,1486,2.7257180673348755,19.33724835089523,253,499,15.4,5.2,10.6,10.5,0.051,100.0,0.0,11.0,17.2,8.0,Rain,rain,64.5,Rain,4,April,Wednesday,Spring,38.2
2025-04-24,4608,1917,2.8054184027777778,19.66714409722222,256,613,18.2,6.6,12.4,12.4,0.068,100.0,0.0,11.4,11.7,8.0,Rain,rain,62.4,Rain,4,April,Thursday,Spring,41.6
2025-04-25,4773,2029,2.955137927927928,20.83018367204414,256,709,18.7,9.2,13.6,13.5,0.068,100.0,0.0,16.0,42.3,8.0,"Rain, Partially cloudy",rain,65.5,Rain,4,April,Friday,Spring,42.5
2025-04-26,4655,1920,3.236480773361976,24.11498388829216,253,850,15.7,9.5,12.6,12.4,0.051,100.0,0.0,19.6,19.8,8.0,Rain,rain,71.3,Rain,4,April,Saturday,Spring,41.2
2025-04-27,4163,1594,3.1100524477540237,25.90672591880855,250,684,15.2,8.7,11.7,11.5,0.047,100.0,0.0,14.2,39.5,7.0,"Rain, Partially cloudy",rain,75.4,Rain,4,April,Sunday,Spring,38.3
2025-04-28,1648,638,2.198489890776699,11.913127022653722,240,159,11.3,9.5,10.3,10.1,9.275,100.0,0.0,14.3,85.0,2.0,"Rain, Partially cloudy",rain,85.4,Rain,4,April,Monday,Spring,38.7
2025-04-29,3828,1553,2.7599971264367817,17.175017415534654,256,525,14.5,9.5,11.6,11.5,4.101,100.0,0.0,13.1,76.6,9.0,"Rain, Partially cloudy",rain,83.4,Rain,4,April,Tuesday,Spring,40.6
2025-04-30,3989,1622,2.83786688393081,19.076890615860282,254,523,15.4,8.4,11.6,11.2,0.0,0.0,0.0,12.3,61.5,7.0,Partially cloudy,partly-cloudy-day,76.3,Partly Cloudy,4,April,Wednesday,Spring,40.7
2025-05-01,26,14,2.7362307692307692,14.562179487179488,18,3,19.0,7.5,13.3,13.3,0.0,0.0,0.0,8.6,0.7,8.0,Clear,clear-day,71.7,Clear,5,May,Thursday,Spring,53.8
2025-06-01,3317,1015,3.5969710581851073,23.542523364485984,249,288,16.9,9.5,13.3,13.2,0.051,100.0,0.0,15.8,33.1,9.0,"Rain, Partially cloudy",rain,72.3,Rain,6,June,Sunday,Summer,30.6
2025-06-02,3401,1044,3.05135548368127,19.336312849162013,254,231,17.7,10.9,14.3,14.3,0.034,100.0,0.0,17.7,40.9,8.0,"Rain, Partially cloudy",rain,72.8,Rain,6,June,Monday,Summer,30.7
2025-06-03,3942,1218,3.029004819888381,19.738263148993745,256,244,19.0,10.7,15.0,15.0,0.051,100.0,0.0,15.2,19.1,9.0,Rain,rain,69.6,Rain,6,June,Tuesday,Summer,30.9
2025-06-04,4048,1264,3.0046563735177867,18.47522233201581,259,266,17.9,13.3,15.5,15.5,0.034,100.0,0.0,9.0,56.4,6.0,"Rain, Partially cloudy",rain,75.5,Rain,6,June,Wednesday,Summer,31.2
2025-06-05,4210,1316,3.0744634204275534,18.34546714172605,257,249,20.1,11.6,16.2,16.2,0.0,0.0,0.0,15.3,47.9,8.0,Partially cloudy,partly-cloudy-day,76.6,Partly Cloudy,6,June,Thursday,Summer,31.3
2025-06-06,4504,1380,3.149279973357016,21.0333148312611,258,325,21.8,14.6,17.9,17.9,0.0,0.0,0.0,18.3,68.7,8.0,Partially cloudy,partly-cloudy-day,69.0,Partly Cloudy,6,June,Friday,Summer,30.6
2025-06-07,5009,1503,3.5553926931523256,23.270909030411925,257,404,22.2,13.7,17.8,17.8,0.0,0.0,0.0,18.8,20.5,8.0,Partially cloudy,partly-cloudy-day,73.4,Partly Cloudy,6,June,Saturday,Summer,30.0
2025-06-08,4809,1436,3.597436889166147,24.428599154363347,251,338,24.4,15.2,19.7,19.7,0.0,0.0,0.0,15.9,0.0,9.0,Clear,clear-day,70.4,Clear,6,June,Sunday,Summer,29.9
2025-06-09,4248,1265,3.361204096045198,23.287217514124293,255,286,20.8,15.6,18.0,18.0,0.0,0.0,0.0,18.6,0.5,9.0,Clear,clear-day,69.1,Clear,6,June,Monday,Summer,29.8
2025-06-10,4395,1311,3.056054379977247,19.68201365187713,258,242,20.0,13.5,16.6,16.6,0.0,0.0,0.0,17.6,39.8,8.0,Partially cloudy,partly-cloudy-day,71.4,Partly Cloudy,6,June,Tuesday,Summer,29.8
2025-06-11,4325,1332,3.0482487861271674,19.03684393063584,257,228,19.4,13.2,16.4,16.4,0.034,100.0,0.0,17.3,44.8,8.0,"Rain, Partially cloudy",rain,72.0,Rain,6,June,Wednesday,Summer,30.8
2025-06-12,4066,1233,3.039012051155927,19.135210690277095,259,248,15.5,13.1,14.2,14.2,0.0,0.0,0.0,15.5,92.3,4.0,Overcast,cloudy,72.8,Overcast,6,June,Thursday,Summer,30.3
2025-06-13,3861,1290,2.986700595700596,19.44507036173703,257,282,17.0,12.6,14.6,14.6,0.0,0.0,0.0,12.2,84.8,8.0,Partially cloudy,partly-cloudy-day,69.2,Partly Cloudy,6,June,Friday,Summer,33.4
2025-06-14,4154,1336,3.4864501685122775,22.539114909324347,254,318,19.1,13.3,15.3,15.3,0.0,0.0,0.0,10.6,73.6,7.0,Partially cloudy,partly-cloudy-day,68.7,Partly Cloudy,6,June,Saturday,Summer,32.2
2025-06-15,4231,1433,3.6692543134010873,23.96469313795005,253,335,20.8,11.2,15.7,15.7,0.034,100.0,0.0,10.7,31.5,8.0,"Rain, Partially cloudy",rain,68.4,Rain,6,June,Sunday,Summer,33.9
2025-06-16,3633,1135,3.3875893201211116,22.323089274245344,253,297,22.1,12.2,16.9,16.9,0.0,0.0,0.0,10.4,57.2,9.0,Partially cloudy,partly-cloudy-day,61.5,Partly Cloudy,6,June,Monday,Summer,31.2
2025-06-17,4016,1352,3.147048057768924,19.510761122177954,254,293,21.7,12.8,16.7,16.7,0.034,100.0,0.0,13.3,56.5,10.0,"Rain, Partially cloudy",rain,61.2,Rain,6,June,Tuesday,Summer,33.7
2025-06-18,4006,1317,2.912285571642536,17.50744300216342,259,214,19.4,14.0,16.5,16.5,0.428,100.0,0.0,16.3,57.3,6.0,"Rain, Partially cloudy",rain,69.8,Rain,6,June,Wednesday,Summer,32.9
2025-06-19,4450,1438,3.187426516853933,20.45538576779026,261,353,18.9,12.0,15.7,15.7,0.034,100.0,0.0,11.2,65.0,9.0,"Rain, Partially cloudy",rain,64.1,Rain,6,June,Thursday,Summer,32.3
2025-06-20,3815,1255,3.125529226736566,19.588575797291394,258,241,14.8,12.3,13.8,13.8,5.01,100.0,0.0,10.0,94.4,3.0,"Rain, Overcast",rain,78.6,Rain,6,June,Friday,Summer,32.9
2025-06-21,3244,1038,3.250308569667078,22.56957459926017,249,193,15.7,11.6,13.3,13.3,8.999,100.0,0.0,14.4,60.9,3.0,"Rain, Partially cloudy",rain,88.6,Rain,6,June,Saturday,Summer,32.0
2025-06-22,3457,1023,3.5378490020248767,24.374505833574393,256,262,16.6,11.8,14.6,14.6,0.435,100.0,0.0,8.0,90.2,2.0,"Rain, Overcast",rain,85.2,Rain,6,June,Sunday,Summer,29.6
2025-06-23,3691,1138,3.3332262259550256,22.188074595863814,257,292,20.6,14.5,16.8,16.8,0.0,0.0,0.0,13.5,85.3,10.0,Partially cloudy,partly-cloudy-day,77.1,Partly Cloudy,6,June,Monday,Summer,30.8
2025-06-24,4388,1497,3.1772910209662717,21.058846095411727,260,277,22.6,13.5,18.4,18.4,0.0,0.0,0.0,8.4,69.5,7.0,Partially cloudy,partly-cloudy-day,71.5,Partly Cloudy,6,June,Tuesday,Summer,34.1
2025-06-25,3997,1363,3.1227713284963725,21.03380868985072,260,274,17.2,13.8,15.7,15.7,0.123,100.0,0.0,14.9,92.1,4.0,"Rain, Overcast",rain,79.5,Rain,6,June,Wednesday,Summer,34.1
2025-06-26,4266,1398,2.9930032817627756,19.748894358493516,257,244,17.5,13.9,15.2,15.2,1.269,100.0,0.0,11.5,95.6,3.0,"Rain, Overcast",rain,82.7,Rain,6,June,Thursday,Summer,32.8
2025-06-27,3047,1058,3.0401706596652445,20.707160048134778,252,223,15.8,12.6,14.4,14.4,0.144,100.0,0.0,9.6,94.1,2.0,"Rain, Overcast",rain,84.6,Rain,6,June,Friday,Summer,34.7
2025-06-28,4191,1444,3.5846220472440944,24.548369521991567,259,411,20.7,13.7,16.9,16.9,0.0,0.0,0.0,10.1,61.2,9.0,Partially cloudy,partly-cloudy-day,76.0,Partly Cloudy,6,June,Saturday,Summer,34.5
2025-06-29,4971,1660,3.8981339770669883,29.451113122778786,258,489,23.7,12.9,18.1,18.1,0.0,0.0,0.0,12.9,5.3,9.0,Clear,clear-day,73.3,Clear,6,June,Sunday,Summer,33.4
2025-06-30,6924,2346,3.596121028307337,24.389490660504528,502,827,24.9,14.6,19.8,19.8,0.0,0.0,0.0,13.5,2.8,9.0,Clear,clear-day,71.3,Clear,6,June,Monday,Summer,33.9
2025-07-01,5768,1923,3.3141926144244103,22.812390198797967,361,994,25.9,15.7,20.7,20.7,0.0,0.0,0.0,11.1,0.1,9.0,Clear,clear-day,68.9,Clear,7,July,Tuesday,Summer,33.3
2025-07-02,4866,1641,2.913284011508426,19.3199239621866,258,768,23.9,14.7,18.4,18.4,0.034,100.0,0.0,13.0,29.3,8.0,"Rain, Partially cloudy",rain,68.7,Rain,7,July,Wednesday,Summer,33.7
2025-07-03,5081,1759,2.8996142491635504,20.06311421636161,259,747,20.3,13.4,16.8,16.8,0.0,0.0,0.0,11.9,50.2,7.0,Partially cloudy,partly-cloudy-day,67.1,Partly Cloudy,7,July,Thursday,Summer,34.6
2025-07-04,5487,1935,3.02328813559322,20.572617094951703,258,869,23.0,13.4,18.3,18.3,0.0,0.0,0.0,14.2,41.9,9.0,Partially cloudy,partly-cloudy-day,65.1,Partly Cloudy,7,July,Friday,Summer,35.3
2025-07-05,5840,1935,3.112752739726027,22.788136415525116,257,914,21.6,14.0,17.5,17.5,0.0,0.0,0.0,13.1,66.4,7.0,Partially cloudy,partly-cloudy-day,64.9,Partly Cloudy,7,July,Saturday,Summer,33.1
2025-07-06,5017,1507,3.3194273470201314,24.49995349146236,256,877,22.3,13.9,18.5,18.5,0.0,0.0,0.0,11.4,29.0,8.0,Partially cloudy,partly-cloudy-day,69.2,Partly Cloudy,7,July,Sunday,Summer,30.0
2025-07-07,4899,1611,2.9620941008369055,19.338882084779208,255,750,25.3,15.4,20.5,20.5,0.0,0.0,0.0,9.4,29.9,8.0,Partially cloudy,partly-cloudy-day,66.5,Partly Cloudy,7,July,Monday,Summer,32.9
2025-07-08,3639,1345,2.7447081615828526,17.138792708619583,257,557,25.6,17.0,20.2,20.2,7.665,100.0,0.0,14.3,59.2,7.0,"Rain, Partially cloudy",rain,72.2,Rain,7,July,Tuesday,Summer,37.0
2025-07-09,3778,1318,2.839892006352567,18.926146991353452,256,498,19.7,16.5,17.6,17.6,11.633,100.0,0.0,13.9,86.8,6.0,"Rain, Partially cloudy",rain,88.4,Rain,7,July,Wednesday,Summer,34.9
2025-07-10,5233,1806,2.9662757500477737,21.00795273584305,257,786,21.3,15.2,17.8,17.8,0.044,100.0,0.0,12.3,64.8,7.0,"Rain, Partially cloudy",rain,70.9,Rain,7,July,Thursday,Summer,34.5
2025-07-11,5660,1910,3.018177738515901,22.232249705535924,256,961,25.9,14.3,20.1,20.1,0.0,0.0,0.0,10.8,32.9,8.0,Partially cloudy,partly-cloudy-day,71.5,Partly Cloudy,7,July,Friday,Summer,33.7
2025-07-12,5847,1958,3.2260444672481614,23.60864545920985,257,993,25.5,16.8,21.1,21.1,0.016,100.0,0.0,12.7,46.5,8.0,"Rain, Partially cloudy",rain,70.2,Rain,7,July,Saturday,Summer,33.5
2025-07-13,5749,1894,3.3135700121760308,24.399130283527573,256,942,27.6,16.9,22.2,22.4,0.0,0.0,0.0,24.2,23.2,8.0,Partially cloudy,partly-cloudy-day,71.9,Partly Cloudy,7,July,Sunday,Summer,32.9
2025-07-14,5254,1786,2.866887323943662,18.921526456033497,256,825,24.3,17.9,20.3,20.3,0.0,0.0,0.0,24.2,25.0,10.0,Partially cloudy,partly-cloudy-day,70.2,Partly Cloudy,7,July,Monday,Summer,34.0
2025-07-15,6250,2135,2.95518224,19.798053333333332,255,879,27.6,15.8,21.4,21.4,0.034,100.0,0.0,13.9,0.0,8.0,Rain,rain,65.5,Rain,7,July,Tuesday,Summer,34.2
2025-07-16,6021,1988,2.9631778774289987,18.974134972042297,256,803,24.8,15.9,21.1,21.1,0.0,0.0,0.0,14.4,0.0,8.0,Clear,clear-day,65.8,Clear,7,July,Wednesday,Summer,33.0
2025-07-17,6098,1932,2.938284191538209,20.146241937247186,256,795,26.4,16.9,21.2,21.2,0.051,100.0,0.0,18.5,8.6,8.0,Rain,rain,66.3,Rain,7,July,Thursday,Summer,31.7
2025-07-18,5690,1746,3.0565319859402464,20.519197422378443,256,855,22.7,16.0,18.8,18.8,0.056,100.0,0.0,14.1,43.7,8.0,"Rain, Partially cloudy",rain,73.2,Rain,7,July,Friday,Summer,30.7
2025-07-19,6482,1979,3.307732952792348,23.811022832459116,251,1046,21.1,14.3,16.9,16.9,0.055,100.0,0.0,13.8,58.8,8.0,"Rain, Partially cloudy",rain,69.0,Rain,7,July,Saturday,Summer,30.5
2025-07-20,5144,1489,3.3118715007776047,24.50960990150337,252,812,22.5,14.2,17.7,17.7,0.051,100.0,0.0,14.9,55.4,8.0,"Rain, Partially cloudy",rain,69.0,Rain,7,July,Sunday,Summer,28.9
2025-07-21,5141,1696,3.0167033651040653,21.27793879271218,255,656,24.1,15.1,19.3,19.3,0.0,0.0,0.0,14.4,36.3,8.0,Partially cloudy,partly-cloudy-day,69.4,Partly Cloudy,7,July,Monday,Summer,33.0
2025-07-22,5531,1782,2.9812023142288915,18.438832640269993,259,751,23.3,16.6,19.8,19.8,0.034,100.0,0.0,13.2,28.7,8.0,"Rain, Partially cloudy",rain,70.1,Rain,7,July,Tuesday,Summer,32.2
2025-07-23,6997,2229,2.9377950550235816,19.474789195369446,258,954,24.7,16.9,20.8,20.8,0.016,100.0,0.0,12.8,11.9,8.0,Rain,rain,70.8,Rain,7,July,Wednesday,Summer,31.9
2025-07-24,5863,1793,2.9289742452669283,19.236684859855593,258,783,25.0,16.1,20.1,20.1,0.034,100.0,0.0,14.0,20.2,8.0,"Rain, Partially cloudy",rain,68.8,Rain,7,July,Thursday,Summer,30.6
2025-07-25,4990,1614,2.922407615230461,20.326539746158986,259,653,20.6,14.5,16.8,16.8,0.0,0.0,0.0,14.1,74.5,5.0,Partially cloudy,partly-cloudy-day,73.7,Partly Cloudy,7,July,Friday,Summer,32.3
2025-07-26,6983,2169,3.276911069740799,24.450312664088976,254,1121,22.3,13.4,17.6,17.6,0.0,0.0,0.0,10.6,40.7,8.0,Partially cloudy,partly-cloudy-day,70.6,Partly Cloudy,7,July,Saturday,Summer,31.1
2025-07-27,5324,1699,3.3031649135987977,23.274348860505885,256,823,23.9,13.4,18.6,18.6,0.034,100.0,0.0,11.7,36.7,8.0,"Rain, Partially cloudy",rain,65.5,Rain,7,July,Sunday,Summer,31.9
2025-07-28,5170,1598,3.1813508704061895,21.142578981302385,256,728,25.3,14.6,19.7,19.7,0.095,100.0,0.0,9.3,10.5,8.0,Rain,rain,65.2,Rain,7,July,Monday,Summer,30.9
2025-07-29,5663,1783,3.0093522867737947,19.450032373888988,259,726,26.0,14.3,20.0,20.0,0.034,100.0,0.0,8.7,2.2,8.0,Rain,rain,64.7,Rain,7,July,Tuesday,Summer,31.5
2025-07-30,5813,1792,2.9008513676242904,20.947588737886345,261,782,24.9,15.2,20.7,20.7,0.034,100.0,0.0,9.1,14.6,8.0,Rain,rain,67.9,Rain,7,July,Wednesday,Summer,30.8
2025-07-31,5458,1720,3.0553547086845,21.092759863197752,261,693,25.7,17.0,21.3,21.3,0.0,0.0,0.0,11.2,74.7,8.0,Partially cloudy,partly-cloudy-day,65.6,Partly Cloudy,7,July,Thursday,Summer,31.5
2025-08-01,5367,1660,3.216429103782374,21.316986522576236,252,758,25.2,16.6,21.0,21.0,0.051,100.0,0.0,11.2,53.6,8.0,"Rain, Partially cloudy",rain,63.6,Rain,8,August,Friday,Summer,30.9
2025-08-02,5565,1768,3.416232345013477,24.18882599580713,251,968,23.6,16.3,20.0,20.0,0.034,100.0,0.0,12.5,24.3,8.0,"Rain, Partially cloudy",rain,67.8,Rain,8,August,Saturday,Summer,31.8
2025-08-03,5139,1508,3.544837322436272,25.628886942985016,249,836,21.3,15.7,18.5,18.5,0.05,100.0,0.0,13.5,76.1,6.0,"Rain, Partially cloudy",rain,72.3,Rain,8,August,Sunday,Summer,29.3
2025-08-04,4443,1461,3.507905694350664,25.54454947858054,250,745,22.0,16.1,19.1,19.1,0.034,100.0,0.0,10.2,86.3,6.0,"Rain, Partially cloudy",rain,70.9,Rain,8,August,Monday,Summer,32.9
2025-08-05,3780,1189,2.8370843915343915,19.039400352733686,249,470,22.3,16.5,18.5,18.5,1.447,100.0,0.0,13.6,90.7,6.0,"Rain, Overcast",rain,76.2,Rain,8,August,Tuesday,Summer,31.5
2025-08-06,3548,1127,2.94537091319053,19.21436020293123,251,466,20.5,16.3,18.0,18.0,16.213,100.0,0.0,17.0,84.6,6.0,"Rain, Partially cloudy",rain,87.6,Rain,8,August,Wednesday,Summer,31.8
2025-08-07,4903,1472,3.118140730165205,20.212539941532395,255,657,21.6,15.9,18.3,18.3,0.0,0.0,0.0,18.6,56.7,9.0,Partially cloudy,partly-cloudy-day,68.6,Partly Cloudy,8,August,Thursday,Summer,30.0
2025-08-08,5145,1631,3.0429084548104957,20.81689990281827,255,735,21.6,14.1,17.7,17.7,0.0,0.0,0.0,9.9,50.7,9.0,Partially cloudy,partly-cloudy-day,70.6,Partly Cloudy,8,August,Friday,Summer,31.7
2025-08-09,5464,1862,3.4692024158125916,24.574737676915568,254,936,23.6,15.0,19.2,19.2,0.0,0.0,0.0,9.2,55.1,7.0,Partially cloudy,partly-cloudy-day,73.1,Partly Cloudy,8,August,Saturday,Summer,34.1
2025-08-10,5361,1660,3.4034374183920915,23.621622209786732,252,860,26.4,16.4,21.5,21.5,0.0,0.0,0.0,18.0,4.8,8.0,Clear,clear-day,74.1,Clear,8,August,Sunday,Summer,31.0
2025-08-11,5260,1723,3.0261889733840306,19.34891318124208,255,701,25.3,19.0,21.9,21.9,0.0,0.0,0.0,18.3,0.3,8.0,Clear,clear-day,75.1,Clear,8,August,Monday,Summer,32.8
2025-08-12,5562,1810,3.008550161812298,18.71589356346638,257,723,27.2,17.5,22.0,22.0,0.016,100.0,0.0,16.2,5.6,8.0,Rain,rain,71.0,Rain,8,August,Tuesday,Summer,32.5
2025-08-13,5088,1579,2.9314435927672955,18.73133189203354,256,644,23.3,17.5,20.0,20.0,0.051,100.0,0.0,12.7,43.1,8.0,"Rain, Partially cloudy",rain,71.7,Rain,8,August,Wednesday,Summer,31.0
2025-08-14,4447,1460,3.0282399370362043,19.74180346300877,258,569,20.0,15.5,17.5,17.5,0.462,100.0,0.0,16.7,85.0,7.0,"Rain, Partially cloudy",rain,76.9,Rain,8,August,Thursday,Summer,32.8
2025-08-15,780,286,2.20005641025641,12.160747863247863,208,72,18.0,15.1,16.5,16.5,61.246,100.0,0.0,16.5,98.2,1.0,"Rain, Overcast",rain,97.0,Rain,8,August,Friday,Summer,36.7
2025-08-16,4270,1630,3.452306088992974,23.307010148321623,256,857,20.5,15.7,17.6,17.6,1.182,100.0,0.0,13.6,67.6,10.0,"Rain, Partially cloudy",rain,85.1,Rain,8,August,Saturday,Summer,38.2
2025-08-17,4628,1461,3.4413219533275714,23.32471549985595,257,758,20.3,15.3,17.6,17.6,0.0,0.0,0.0,10.2,85.4,8.0,Partially cloudy,partly-cloudy-day,76.6,Partly Cloudy,8,August,Sunday,Summer,31.6
2025-08-18,4658,1615,3.1054111206526405,21.316620151710318,253,758,21.9,15.5,18.1,18.1,0.0,0.0,0.0,9.7,74.8,7.0,Partially cloudy,partly-cloudy-day,73.0,Partly Cloudy,8,August,Monday,Summer,34.7
2025-08-19,4621,1606,2.907340402510279,18.72106326192022,258,659,21.7,16.2,18.2,18.2,0.091,100.0,0.0,13.6,78.8,5.0,"Rain, Partially cloudy",rain,74.8,Rain,8,August,Tuesday,Summer,34.8
2025-08-20,5283,1903,3.0647777777777776,20.918897091299137,258,818,21.2,14.9,17.7,17.7,0.0,0.0,0.0,10.0,46.4,8.0,Partially cloudy,partly-cloudy-day,78.6,Partly Cloudy,8,August,Wednesday,Summer,36.0
2025-08-21,5253,1778,3.037986293546545,19.330084396218034,258,754,21.7,12.9,17.4,17.4,0.0,0.0,0.0,14.2,50.9,8.0,Partially cloudy,partly-cloudy-day,77.6,Partly Cloudy,8,August,Thursday,Summer,33.8
2025-08-22,5336,1838,3.1254896926536735,20.735991379310345,259,807,24.2,13.9,19.1,19.1,0.0,0.0,0.0,14.6,0.4,8.0,Clear,clear-day,73.4,Clear,8,August,Friday,Summer,34.4
2025-08-23,5589,1903,3.5206629092860977,24.071801753444262,257,964,24.9,15.3,20.0,20.0,0.034,100.0,0.0,14.6,10.0,8.0,Rain,rain,69.8,Rain,8,August,Saturday,Summer,34.0
2025-08-24,5053,1698,3.450040767860677,23.83127844844647,258,834,25.3,15.9,20.2,20.2,0.074,100.0,0.0,14.1,0.1,7.0,Rain,rain,69.7,Rain,8,August,Sunday,Summer,33.6
2025-08-25,4965,1783,3.086741993957704,20.87480026854649,260,716,25.8,15.9,20.4,20.4,0.033,100.0,0.0,7.0,0.0,7.0,Rain,rain,72.3,Rain,8,August,Monday,Summer,35.9
2025-08-26,5146,1861,3.0119286824718228,18.75938269205856,259,740,25.1,15.5,20.0,20.0,0.05,100.0,0.0,7.0,0.0,7.0,Rain,rain,75.4,Rain,8,August,Tuesday,Summer,36.2
2025-08-27,4987,1704,2.90895608582314,17.778276853151528,259,687,25.3,15.9,20.1,20.1,0.0,0.0,0.0,8.5,0.0,7.0,Clear,clear-day,76.8,Clear,8,August,Wednesday,Summer,34.2
2025-08-28,4654,1627,2.9827894284486463,19.85577281191806,260,616,22.8,18.0,20.2,20.2,0.0,0.0,0.0,4.2,0.0,5.0,Clear,clear-day,78.5,Clear,8,August,Thursday,Summer,35.0
2025-08-29,5407,1845,3.1271394488625854,22.115911472782198,259,810,24.8,17.1,20.4,20.4,0.068,100.0,0.0,8.9,0.0,7.0,Rain,rain,79.0,Rain,8,August,Friday,Summer,34.1
2025-08-30,4907,1601,3.515488893417567,25.01930235717682,262,858,21.6,16.6,18.8,18.8,0.246,100.0,0.0,10.2,0.0,7.0,Rain,rain,80.4,Rain,8,August,Saturday,Summer,32.6
2025-08-31,3216,1037,3.919573383084577,28.25973258706468,259,545,24.1,14.7,18.7,18.7,0.055,100.0,0.0,9.2,0.0,6.0,Rain,rain,85.8,Rain,8,August,Sunday,Summer,32.2
2025-09-01,4191,1480,3.3430150322118823,24.170778652668417,255,678,21.8,16.9,19.0,19.0,0.19,100.0,0.0,9.2,0.0,7.0,Rain,rain,79.8,Rain,9,September,Monday,Fall,35.3
2025-09-02,4524,1553,2.853114721485411,18.516268788682584,258,578,21.7,15.5,18.5,18.5,0.012,100.0,0.0,6.4,0.0,6.0,Rain,rain,84.5,Rain,9,September,Tuesday,Fall,34.3
2025-09-03,4319,1520,2.76447719379486,19.095990584240177,256,552,25.1,16.3,20.0,20.0,0.0,0.0,0.0,6.1,0.0,6.0,Clear,clear-day,83.9,Clear,9,September,Wednesday,Fall,35.2
2025-09-04,4452,1602,2.72326572327044,19.969159928122192,256,568,21.8,16.2,18.7,18.7,0.0,0.0,0.0,5.3,0.0,4.0,Clear,clear-day,86.7,Clear,9,September,Thursday,Fall,36.0
2025-09-05,4453,1575,2.8149227487087356,19.15298300771016,256,562,23.3,16.0,19.1,19.1,0.0,0.0,0.0,4.5,0.0,6.0,Clear,clear-day,86.2,Clear,9,September,Friday,Fall,35.4
2025-09-06,4022,1394,3.219237941322725,21.752556771092326,255,619,23.0,16.3,19.0,19.0,1.459,100.0,0.0,5.7,0.0,6.0,Rain,rain,84.8,Rain,9,September,Saturday,Fall,34.7
2025-09-07,3495,1174,3.0507336194563663,20.544730567477348,251,473,19.6,16.5,17.8,17.8,0.386,100.0,0.0,11.4,0.0,4.0,Rain,rain,82.3,Rain,9,September,Sunday,Fall,33.6
2025-09-08,4172,1445,2.9039995206136147,20.0293903803132,255,491,21.5,16.3,18.3,18.3,0.116,100.0,0.0,8.1,0.0,7.0,Rain,rain,80.0,Rain,9,September,Monday,Fall,34.6
2025-09-09,4598,1636,2.858213353632014,18.79512831665942,259,557,20.5,15.6,17.6,17.6,0.006,100.0,0.0,7.4,0.0,6.0,Rain,rain,85.6,Rain,9,September,Tuesday,Fall,35.6
2025-09-10,4648,1629,2.825085413080895,17.129414084911073,259,547,21.0,15.7,17.8,17.8,0.018,100.0,0.0,8.4,0.0,6.0,Rain,rain,85.5,Rain,9,September,Wednesday,Fall,35.0
2025-09-11,4483,1577,2.8717332143653804,20.161082608372368,258,530,20.8,13.4,16.7,16.7,0.012,100.0,0.0,6.6,0.0,6.0,Rain,rain,85.7,Rain,9,September,Thursday,Fall,35.2
2025-09-12,4757,1729,2.9333039730922854,20.215093546352744,257,646,20.1,14.9,16.9,16.9,0.109,100.0,0.0,9.4,0.0,6.0,Rain,rain,82.5,Rain,9,September,Friday,Fall,36.3
2025-09-13,4658,1601,3.251497853155861,23.267500357807357,256,723,21.9,14.9,17.6,17.6,0.116,100.0,0.0,7.8,0.0,6.0,Rain,rain,79.2,Rain,9,September,Saturday,Fall,34.4
2025-09-14,2296,781,2.7018314459930313,18.805574912891984,245,267,17.1,14.9,16.3,16.3,7.629,100.0,0.0,8.5,0.0,2.0,Rain,rain,87.6,Rain,9,September,Sunday,Fall,34.0
2025-09-15,4278,1514,2.812823515661524,19.335351410316346,256,581,19.0,13.4,15.7,15.7,0.171,100.0,0.0,8.9,0.0,6.0,Rain,rain,79.7,Rain,9,September,Monday,Fall,35.4
2025-09-16,4795,1585,2.833533472367049,17.03546402502607,260,579,23.8,12.9,18.1,18.1,0.0,0.0,0.0,7.1,0.0,6.0,Clear,clear-day,77.1,Clear,9,September,Tuesday,Fall,33.1
2025-09-17,4274,1613,2.7753383247543284,17.42127593199189,261,538,21.5,15.8,18.6,18.6,0.049,100.0,0.0,15.0,0.0,6.0,Rain,rain,73.3,Rain,9,September,Wednesday,Fall,37.7
2025-09-18,4269,1634,2.8033333333333332,18.069442492386976,261,562,18.9,13.6,15.7,15.7,0.012,100.0,0.0,11.1,0.0,6.0,Rain,rain,82.4,Rain,9,September,Thursday,Fall,38.3
2025-09-19,4697,1577,3.0390496061315733,20.800358384784616,256,594,19.5,11.9,15.4,15.4,0.0,0.0,0.0,6.3,0.0,7.0,Clear,clear-day,80.9,Clear,9,September,Friday,Fall,33.6
2025-09-20,4148,1473,3.2247135969141754,20.922103021536483,253,648,21.3,12.9,16.7,16.7,1.327,100.0,0.0,10.0,0.0,6.0,Rain,rain,75.1,Rain,9,September,Saturday,Fall,35.5
2025-09-21,3760,1441,3.2591268617021276,21.593324468085104,252,574,19.0,13.2,15.8,15.8,7.259,100.0,0.0,13.1,0.0,6.0,Rain,rain,82.3,Rain,9,September,Sunday,Fall,38.3
2025-09-22,4106,1498,2.791253287871408,19.36531904529956,252,532,20.5,12.2,15.2,15.2,0.117,100.0,0.0,9.1,0.0,6.0,Rain,rain,75.3,Rain,9,September,Monday,Fall,36.5
2025-09-23,4411,1694,2.694909771026978,16.58428927680798,258,538,19.8,11.4,15.4,15.4,0.006,100.0,0.0,7.4,0.0,6.0,Rain,rain,75.8,Rain,9,September,Tuesday,Fall,38.4
2025-09-24,4339,1681,2.7049071214565568,17.674464162249365,258,526,18.2,13.1,15.1,15.1,0.012,100.0,0.0,9.6,0.0,6.0,Rain,rain,81.2,Rain,9,September,Wednesday,Fall,38.7
2025-09-25,3993,1539,2.67088354620586,18.173424325903667,254,460,15.6,10.4,13.1,13.1,0.037,100.0,0.0,6.8,0.0,4.0,Rain,rain,79.4,Rain,9,September,Thursday,Fall,38.5
2025-09-26,3343,1341,2.7129802572539634,17.23637949945159,256,412,15.5,12.1,13.8,13.8,0.61,100.0,0.0,8.5,0.0,3.0,Rain,rain,83.0,Rain,9,September,Friday,Fall,40.1
2025-09-27,2727,1059,2.9445111844517786,19.757602982520474,252,367,16.3,13.2,14.1,14.1,8.744,100.0,0.0,11.7,0.0,2.0,Rain,rain,91.4,Rain,9,September,Saturday,Fall,38.8
2025-09-28,3023,1053,3.1202272576910355,21.558490462013452,251,416,17.3,12.5,15.0,15.0,3.72,100.0,0.0,8.2,0.0,3.0,Rain,rain,88.8,Rain,9,September,Sunday,Fall,34.8
2025-09-29,1396,569,2.3425587392550145,14.457497612225406,234,139,15.8,13.8,14.8,14.8,24.3,100.0,0.0,9.7,0.0,1.0,Rain,rain,95.0,Rain,9,September,Monday,Fall,40.8
2025-09-30,2725,1096,3.018344220183486,19.719859327217126,253,424,17.9,13.0,14.8,14.8,3.032,100.0,0.0,15.2,0.0,4.0,Rain,rain,82.0,Rain,9,September,Tuesday,Fall,40.2
2025-10-01,3,3,1.1873333333333334,4.861111111111111,2,1,,,,,,,,,,,,,,,10,October,Wednesday,Fall,100.0
