station,departures,avg_distance_km,avg_duration_min,ebike_trips,round_trips,returns,total_trips,net_flow,flow_type,ebike_pct,round_trip_pct,station_id,station_name,latitude,longitude
0001 10th & Cambie,5473,1.952761191302759,12.29942444728668,1997.0,396.0,5954,11427,-481,High Sink,36.5,7.2,1.0,10th & Cambie,,
0002 Burrard Station (Melville & Dunsmuir),4250,2.4908708235294115,17.938945098039216,1590.0,421.0,4516,8766,-266,High Sink,37.4,9.9,2.0,Burrard Station (Melville & Dunsmuir),,
0004 Yaletown-Roundhouse Station,3568,2.438019433856502,17.155016816143497,1111.0,295.0,4983,8551,-1415,High Sink,31.1,8.3,4.0,Yaletown-Roundhouse Station,,
0005 Dunsmuir & Beatty,6131,2.0866368732670035,14.540156581308104,1676.0,406.0,5562,11693,569,High Source,27.3,6.6,5.0,Dunsmuir & Beatty,,
0006 Olympic Village Station,4965,2.236614702920443,14.50754615642833,963.0,302.0,5804,10769,-839,High Sink,19.4,6.1,6.0,Olympic Village Station,,
0007 12th & Yukon (City Hall),622,1.9513424437299032,14.412942122186497,242.0,54.0,502,1124,120,High Source,38.9,8.7,7.0,12th & Yukon (City Hall),,
0008 8th & Ash,3491,2.1572824405614437,11.576573092714598,1605.0,439.0,3442,6933,49,Balanced,46.0,12.6,8.0,8th & Ash,,
0009 Spyglass & Seawall,2045,2.675152400977995,19.18884270578647,289.0,199.0,2156,4201,-111,High Sink,14.1,9.7,9.0,Spyglass & Seawall,,
0010 Stamps Landing,2833,2.541553123896929,17.552747382044945,627.0,355.0,2973,5806,-140,High Sink,22.1,12.5,10.0,Stamps Landing,,
0011 Ontario & Seawall,6954,2.752372975266034,17.114519221551145,1772.0,795.0,8386,15340,-1432,High Sink,25.5,11.4,11.0,Ontario & Seawall,,
0012 Dunsmuir & Richards,4816,2.1818098006644515,14.119186046511627,1792.0,268.0,5065,9881,-249,High Sink,37.2,5.6,12.0,Dunsmuir & Richards,,
0013 Maple Tree Square,3102,2.6137497324306898,19.887341500107457,1207.0,434.0,3626,6728,-524,High Sink,38.9,14.0,13.0,Maple Tree Square,,
0014 Canada Place,5400,4.5138885185185185,31.628725308641975,1928.0,1151.0,6274,11674,-874,High Sink,35.7,21.3,14.0,Canada Place,,
0015 Granville & Georgia,3406,1.9579177921315325,15.085652769622234,1035.0,270.0,2843,6249,563,High Source,30.4,7.9,15.0,Granville & Georgia,,
0016 Pender & Burrard,2220,3.282878527027026,21.90045045045045,843.0,333.0,2440,4660,-220,High Sink,38.0,15.0,16.0,Pender & Burrard,,
0017 Marinaside & Davie,5430,2.9577088397790057,19.845067526089625,1327.0,799.0,6213,11643,-783,High Sink,24.4,14.7,17.0,Marinaside & Davie,,
0019 Robson & Hornby,3353,2.3392041932597674,16.47051893826424,1043.0,257.0,3167,6520,186,High Source,31.1,7.7,19.0,Robson & Hornby,,
0021 Cordova & Granville,2434,3.4286142152834835,23.01089427554095,1236.0,310.0,2742,5176,-308,High Sink,50.8,12.7,21.0,Cordova & Granville,,
0024 Hornby & Pender,5505,2.7534013932788373,18.36874356645474,2300.0,602.0,6380,11885,-875,High Sink,41.8,10.9,24.0,Hornby & Pender,,
0025 Homer & Robson (Vancouver Public Library),3741,2.1406221144079125,15.356905461997684,1122.0,372.0,3451,7192,290,High Source,30.0,9.9,25.0,Homer & Robson (Vancouver Public Library),,
0026 Robson & Beatty,1810,2.409422099447514,23.38855432780847,686.0,296.0,1854,3664,-44,Balanced,37.9,16.4,26.0,Robson & Beatty,,
0027 Beatty & Nelson,2061,2.133514473556526,14.372675076823548,643.0,261.0,2116,4177,-55,High Sink,31.2,12.7,27.0,Beatty & Nelson,,
0028 Davie & Beach,8580,4.238375913752914,32.87422688422688,3551.0,2327.0,11291,19871,-2711,High Sink,41.4,27.1,28.0,Davie & Beach,,
0030 Abbott & Cordova,2987,2.557925343153666,18.228356210244392,962.0,335.0,3492,6479,-505,High Sink,32.2,11.2,30.0,Abbott & Cordova,,
0031 Morton & Denman,3266,4.066121044090631,28.76003776280874,1405.0,876.0,5774,9040,-2508,High Sink,43.0,26.8,31.0,Morton & Denman,,
0032 Comox & Denman,3998,2.461267383691846,16.77819743204936,1130.0,392.0,4636,8634,-638,High Sink,28.3,9.8,32.0,Comox & Denman,,
0034 Cordova & Bute,2891,4.091357315807679,29.592672662285256,1001.0,529.0,3091,5982,-200,High Sink,34.6,18.3,34.0,Cordova & Bute,,
0035 Hastings & Broughton,2366,4.527656382079459,33.12071710340941,573.0,380.0,2948,5314,-582,High Sink,24.2,16.1,35.0,Hastings & Broughton,,
0037 Hornby & Nelson,5112,2.1898735661189357,15.214723526343246,1860.0,489.0,4368,9480,744,High Source,36.4,9.6,37.0,Hornby & Nelson,,
0039 Helmcken & Burrard,4940,2.222289406882591,14.770917678812417,2330.0,757.0,4594,9534,346,High Source,47.2,15.3,39.0,Helmcken & Burrard,,
0040 Cardero & Davie,5486,2.203983168064163,12.997405517073762,2437.0,433.0,5274,10760,212,High Source,44.4,7.9,40.0,Cardero & Davie,,
0041 Cardero & Robson,4418,2.246255998189226,14.46501810774106,1518.0,466.0,4701,9119,-283,High Sink,34.4,10.5,41.0,Cardero & Robson,,
0044 Pacific & Richards,4259,2.15570924395398,15.471397824215387,1288.0,439.0,4219,8478,40,Balanced,30.2,10.3,44.0,Pacific & Richards,,
0045 Beach & Hornby,7278,3.008085692497939,21.178876980855545,1933.0,874.0,8130,15408,-852,High Sink,26.6,12.0,45.0,Beach & Hornby,,
0047 Chilco & Beach,3150,3.804331746031746,28.896322751322753,832.0,537.0,3635,6785,-485,High Sink,26.4,17.0,47.0,Chilco & Beach,,
0048 Comox & Broughton,2540,2.052661023622047,12.465603674540684,1153.0,313.0,2272,4812,268,High Source,45.4,12.3,48.0,Comox & Broughton,,
0050 Bute & Comox,5381,1.8203433692622188,11.977287369138326,1346.0,454.0,2533,7914,2848,High Source,25.0,8.4,50.0,Bute & Comox,,
0052 Cambie & Water,1986,3.073880161127895,23.30497650218194,917.0,300.0,2968,4954,-982,High Sink,46.2,15.1,52.0,Cambie & Water,,
0053 Keefer & Abbott,5753,2.4821633356509647,18.008612897618633,1672.0,659.0,6472,12225,-719,High Sink,29.1,11.5,53.0,Keefer & Abbott,,
0054 Expo & Carrall,1991,2.3017922300351583,16.465360790222668,496.0,176.0,2460,4451,-469,High Sink,24.9,8.8,54.0,Expo & Carrall,,
0055 Keefer & Columbia,2482,2.279730056406124,15.206016653236638,642.0,171.0,3087,5569,-605,High Sink,25.9,6.9,55.0,Keefer & Columbia,,
0057 Marinaside & Cooperage,5378,2.615537188545928,18.964233915953884,1392.0,703.0,5835,11213,-457,High Sink,25.9,13.1,57.0,Marinaside & Cooperage,,
0058 Richards & Smithe,5126,1.9372296137339056,13.306294706723891,1442.0,341.0,4950,10076,176,High Source,28.1,6.7,58.0,Richards & Smithe,,
0060 Bidwell & Burnaby,2599,2.772571631396691,17.988078748236504,924.0,421.0,2952,5551,-353,High Sink,35.6,16.2,60.0,Bidwell & Burnaby,,
0063 Robson & Granville,3080,2.133471321428571,17.76491341991342,967.0,361.0,2323,5403,757,High Source,31.4,11.7,63.0,Robson & Granville,,
0064 Expo & Smithe,3068,2.0882569524119945,15.49824532811821,1128.0,297.0,3315,6383,-247,High Sink,36.8,9.7,64.0,Expo & Smithe,,
0065 Cypress & Cornwall,3336,2.74725,19.442161270983213,1420.0,501.0,3915,7251,-579,High Sink,42.6,15.0,65.0,Cypress & Cornwall,,
0066 Anderson & 2nd,4870,3.126174127310062,21.82572553045859,1513.0,649.0,5526,10396,-656,High Sink,31.1,13.3,66.0,Anderson & 2nd,,
0068 Cypress & 10th,1683,2.2463412537136067,14.244979203802734,614.0,256.0,1543,3226,140,High Source,36.5,15.2,68.0,Cypress & 10th,,
0069 7th & Granville,2471,2.333342776203966,14.712376905436397,1022.0,286.0,2271,4742,200,High Source,41.4,11.6,69.0,7th & Granville,,
0070 10th & Granville,2589,2.194773398995751,12.556881678897902,1124.0,281.0,2338,4927,251,High Source,43.4,10.9,70.0,10th & Granville,,
0071 14th & Granville,2138,2.4495467726847524,14.79436389148737,949.0,331.0,2020,4158,118,High Source,44.4,15.5,71.0,14th & Granville,,
0072 14th & Cambie,1072,2.154949626865672,13.9898631840796,398.0,115.0,825,1897,247,High Source,37.1,10.7,72.0,14th & Cambie,,
0073 Ontario & 5th,3453,2.288958491167101,14.469924703156677,1037.0,346.0,4590,8043,-1137,High Sink,30.0,10.0,73.0,Ontario & 5th,,
0074 10th & Main,3143,2.045587655106586,11.732081875066283,1323.0,462.0,2802,5945,341,High Source,42.1,14.7,74.0,10th & Main,,
0075 Arbutus & 10th,1766,2.4209745186862968,14.100858814647037,496.0,154.0,1581,3347,185,High Source,28.1,8.7,75.0,Arbutus & 10th,,
0076 Cypress & 4th,3504,2.5402040525114153,17.050099885844748,1495.0,477.0,4002,7506,-498,High Sink,42.7,13.6,76.0,Cypress & 4th,,
0077 Vanier Park,1677,2.981118067978533,21.13783542039356,496.0,258.0,1670,3347,7,Balanced,29.6,15.4,77.0,Vanier Park,,
0078 Nelson & Mainland,3115,2.621030176565008,16.98773140716961,785.0,258.0,3122,6237,-7,Balanced,25.2,8.3,78.0,Nelson & Mainland,,
0079 Nelson & Richards,4351,2.177048494598943,15.585631655558108,922.0,327.0,3397,7748,954,High Source,21.2,7.5,79.0,Nelson & Richards,,
0081 7th & Heather,2402,2.22030196919234,14.403483208437413,591.0,194.0,2429,4831,-27,Balanced,24.6,8.1,81.0,7th & Heather,,
0082 Richards & Davie,5861,2.0591730080191093,14.656548939316384,1770.0,327.0,5824,11685,37,Balanced,30.2,5.6,82.0,Richards & Davie,,
0083 Aquatic Centre,5560,3.721953956834532,28.785302757793765,1808.0,1017.0,6696,12256,-1136,High Sink,32.5,18.3,83.0,Aquatic Centre,,
0084 Beach & Broughton,4892,3.185512264922322,19.756960343417827,1015.0,480.0,5691,10583,-799,High Sink,20.7,9.8,84.0,Beach & Broughton,,
0087 Broughton & Davie,3105,2.3192383252818036,12.413317230273751,1983.0,265.0,1935,5040,1170,High Source,63.9,8.5,87.0,Broughton & Davie,,
0088 Harwood & Bute,4279,2.249673054451975,14.158794889771752,1277.0,373.0,2834,7113,1445,High Source,29.8,8.7,88.0,Harwood & Bute,,
0089 Burrard & Drake,4597,2.365880139221231,14.259404684214344,1521.0,263.0,4005,8602,592,High Source,33.1,5.7,89.0,Burrard & Drake,,
0092 Chilco & Barclay,3933,2.9561502669717776,17.983935079244002,1391.0,633.0,4046,7979,-113,High Sink,35.4,16.1,92.0,Chilco & Barclay,,
0093 Chilco & Robson,3082,3.964249837767683,28.592402119835608,895.0,388.0,3448,6530,-366,High Sink,29.0,12.6,93.0,Chilco & Robson,,
0096 Nicola & Robson,2134,2.628676349578257,16.132442986566698,994.0,115.0,2051,4185,83,High Source,46.6,5.4,96.0,Nicola & Robson,,
0098 Carrall & Hastings,1387,2.2829776496034606,18.351982696467196,479.0,152.0,1585,2972,-198,High Sink,34.5,11.0,98.0,Carrall & Hastings,,
0099 šxʷƛ̓ənəq Xwtl'e7énḵ Square - Vancouver Art Gallery,3831,2.396066126337771,15.078747933524754,1429.0,352.0,3455,7286,376,High Source,37.3,9.2,99.0,šxʷƛ̓ənəq Xwtl'e7énḵ Square - Vancouver Art Gallery,,
0101 Stanley Park - Vancouver Aquarium,5616,5.351574074074074,46.27221331908832,2168.0,1752.0,4257,9873,1359,High Source,38.6,31.2,101.0,Stanley Park - Vancouver Aquarium,,
0102 Stanley Park - Second Beach North,7325,4.30637638225256,33.467060295790674,2025.0,1748.0,10313,17638,-2988,High Sink,27.6,23.9,102.0,Stanley Park - Second Beach North,,
0103 Stanley Park - Third Beach Parking Lot,8365,4.287235146443515,33.24349870492129,2665.0,1904.0,9028,17393,-663,High Sink,31.9,22.8,103.0,Stanley Park - Third Beach Parking Lot,,
0104 Stanley Park - Second Beach South,7717,4.997874434365686,39.882653017148286,2488.0,2614.0,9650,17367,-1933,High Sink,32.2,33.9,104.0,Stanley Park - Second Beach South,,
0105 Stanley Park - Totem Poles,9890,6.1524204580384225,49.27037411526795,3037.0,2630.0,8735,18625,1155,High Source,30.7,26.6,105.0,Stanley Park - Totem Poles,,
0106 Heather & 14th,1995,2.050122807017544,12.669582289055972,904.0,224.0,1654,3649,341,High Source,45.3,11.2,106.0,Heather & 14th,,
0107 8th & Ontario,3494,2.129750904407556,12.501006487311583,1610.0,432.0,3455,6949,39,Balanced,46.1,12.4,107.0,8th & Ontario,,
0108 1st & Chestnut,4410,2.5423002267573698,16.038873771730916,1673.0,551.0,4969,9379,-559,High Sink,37.9,12.5,108.0,1st & Chestnut,,
0109 7th & Arbutus,2067,2.3724257377842286,17.81144976616675,998.0,355.0,1770,3837,297,High Source,48.3,17.2,109.0,7th & Arbutus,,
0110 5th & Arbutus,2047,2.741112525647289,15.767985670086304,863.0,238.0,1875,3922,172,High Source,42.2,11.6,110.0,5th & Arbutus,,
0112 10th & Oak,1853,2.3390458715596334,12.16781795286922,1297.0,93.0,1630,3483,223,High Source,70.0,5.0,112.0,10th & Oak,,
0113 Arbutus & 16th,977,2.456274309109519,18.908751279426816,240.0,180.0,761,1738,216,High Source,24.6,18.4,113.0,Arbutus & 16th,,
0114 Cypress & 14th,518,2.4379498069498067,12.704440154440151,222.0,86.0,395,913,123,High Source,42.9,16.6,114.0,Cypress & 14th,,
0115 Cypress & 16th,373,2.22558981233244,13.171983914209116,128.0,62.0,265,638,108,High Source,34.3,16.6,115.0,Cypress & 16th,,
0119 3rd & Quebec,896,2.312553571428571,14.599665178571428,295.0,68.0,1168,2064,-272,High Sink,32.9,7.6,119.0,3rd & Quebec,,
0119 Quebec & 3rd,1572,2.509551526717557,15.236217133163697,374.0,170.0,1745,3317,-173,High Sink,23.8,10.8,119.0,Quebec & 3rd,,
0121 Heather & 10th,2113,2.1008357785139613,12.236551506546771,962.0,312.0,2090,4203,23,Balanced,45.5,14.8,121.0,Heather & 10th,,
0122 Haro & Denman,4350,2.390425057471264,17.397521072796934,1327.0,392.0,5397,9747,-1047,High Sink,30.5,9.0,122.0,Haro & Denman,,
0123 Georgia & Thurlow,9,3.737222222222222,19.379629629629633,4.0,0.0,12,21,-3,Balanced,44.4,0.0,123.0,Georgia & Thurlow,,
0124 Richards & Cordova,847,2.907119244391972,22.105942542306178,278.0,70.0,1134,1981,-287,High Sink,32.8,8.3,124.0,Richards & Cordova,,
0126 Thurlow & Pendrell,4085,2.0032805385556913,14.505532435740514,1472.0,411.0,2735,6820,1350,High Source,36.0,10.1,126.0,Thurlow & Pendrell,,
0129 Richards & Robson,4968,2.0432252415458936,14.739247852925388,1711.0,275.0,4773,9741,195,High Source,34.4,5.5,129.0,Richards & Robson,,
0130 Heather & 16th,1072,2.43655130597015,14.671610696517414,367.0,123.0,907,1979,165,High Source,34.2,11.5,130.0,Heather & 16th,,
0132 14th & Ontario,2194,2.050754329990884,12.70726223032513,770.0,253.0,1315,3509,879,High Source,35.1,11.5,132.0,14th & Ontario,,
0133 Ontario & 16th,1533,2.278712981082844,13.25314198738856,632.0,167.0,1185,2718,348,High Source,41.2,10.9,133.0,Ontario & 16th,,
0134 14th & Main,1997,2.1535988983475214,12.22769988315807,926.0,237.0,1814,3811,183,High Source,46.4,11.9,134.0,14th & Main,,
0136 David Lam Park,2921,3.0515412529955492,22.64665639621134,712.0,503.0,3180,6101,-259,High Sink,24.4,17.2,136.0,David Lam Park,,
0137 Beach & Seymour,2553,2.793243893458676,16.623038255646954,477.0,250.0,2888,5441,-335,High Sink,18.7,9.8,137.0,Beach & Seymour,,
0138 Richards & Helmcken,3783,2.125572384351044,14.571966693100714,1360.0,324.0,3333,7116,450,High Source,36.0,8.6,138.0,Richards & Helmcken,,
0139 Burrard & 4th,1771,2.5327814793901746,17.551750423489555,632.0,231.0,2068,3839,-297,High Sink,35.7,13.0,139.0,Burrard & 4th,,
0140 Burrard & 7th,1701,2.398419947089947,14.158788947677836,602.0,201.0,1576,3277,125,High Source,35.4,11.8,140.0,Burrard & 7th,,
0142 Beach & Cardero,2302,3.3191350999131193,23.43940776136693,657.0,320.0,2631,4933,-329,High Sink,28.5,13.9,142.0,Beach & Cardero,,
0143 Charleson Park,2645,2.70265431758034,15.914612476370513,438.0,238.0,2786,5431,-141,High Sink,16.6,9.0,143.0,Charleson Park,,
0144 Wylie & 2nd,2973,2.0328087218298014,12.98500392420675,1164.0,282.0,3184,6157,-211,High Sink,39.2,9.5,144.0,Wylie & 2nd,,
0147 Chestnut & McNicoll,1730,3.1085872832369943,23.54989402697495,560.0,279.0,1744,3474,-14,Balanced,32.4,16.1,147.0,Chestnut & McNicoll,,
0148 Creekside Park North,4851,2.6914884910327768,18.828423692709407,1049.0,609.0,5046,9897,-195,High Sink,21.6,12.6,148.0,Creekside Park North,,
0150 Alexander & Main,1719,2.343453170447935,16.82939693620322,675.0,214.0,1865,3584,-146,High Sink,39.3,12.4,150.0,Alexander & Main,,
0152 Arbutus Greenway & 14th,980,2.9058602040816326,15.37406462585034,355.0,111.0,813,1793,167,High Source,36.2,11.3,152.0,Arbutus Greenway & 14th,,
0153 Arbutus Greenway & Fir,1952,2.4161659836065574,16.755191256830603,837.0,267.0,1960,3912,-8,Balanced,42.9,13.7,153.0,Arbutus Greenway & Fir,,
0154 Kitsilano Beach Park,6470,3.5675714064914996,25.044860896445133,2327.0,1118.0,7999,14469,-1529,High Sink,36.0,17.3,154.0,Kitsilano Beach Park,,
0155 McNicoll & Arbutus,2823,3.245612469004605,23.393623804463335,1039.0,543.0,3570,6393,-747,High Sink,36.8,19.2,155.0,McNicoll & Arbutus,,
0159 Vine & 4th,3078,2.605820662768031,17.247427983539094,1490.0,409.0,2877,5955,201,High Source,48.4,13.3,159.0,Vine & 4th,,
0161 Alexander & Dunlevy,1594,2.2482898368883313,16.992252195734004,912.0,343.0,1592,3186,2,Balanced,57.2,21.5,161.0,Alexander & Dunlevy,,
0165 Columbia & 5th,1393,2.4848147882268488,13.424706867671691,395.0,175.0,1628,3021,-235,High Sink,28.4,12.6,165.0,Columbia & 5th,,
0166 Alder & 11th,3839,2.228166275071633,11.67165060345576,1824.0,528.0,3275,7114,564,High Source,47.5,13.8,166.0,Alder & 11th,,
0170 8th & Yukon,3160,1.8957406107594936,12.19587552742616,1194.0,345.0,3121,6281,39,Balanced,37.8,10.9,170.0,8th & Yukon,,
0171 Yukon & 6th,3064,2.1340567885117494,12.008616187989556,1196.0,168.0,3486,6550,-422,High Sink,39.0,5.5,171.0,Yukon & 6th,,
0172 10th & Columbia,1883,1.9130626659585768,11.150858559036998,689.0,253.0,1731,3614,152,High Source,36.6,13.4,172.0,10th & Columbia,,
0173 Columbia & 1st,4612,2.7267062012142236,16.80349089332177,1902.0,395.0,4704,9316,-92,High Sink,41.2,8.6,173.0,Columbia & 1st,,
0174 1st & Manitoba,7099,2.4161418509649244,13.376825374465886,3322.0,615.0,7650,14749,-551,High Sink,46.8,8.7,174.0,1st & Manitoba,,
0176 10th & Ontario,2674,2.229724880329095,13.032491897282473,731.0,175.0,1807,4481,867,High Source,27.3,6.5,176.0,10th & Ontario,,
0177 Quebec & 1st,4823,2.52181705992121,14.045628585251226,1334.0,342.0,5225,10048,-402,High Sink,27.7,7.1,177.0,Quebec & 1st,,
0179 11th & Kingsway,1710,2.456713058479532,13.516101364522417,1228.0,95.0,1089,2799,621,High Source,71.8,5.6,179.0,11th & Kingsway,,
0180 Columbia & 14th,741,1.974267206477733,13.512393162393163,229.0,92.0,470,1211,271,High Source,30.9,12.4,180.0,Columbia & 14th,,
0181 Denman & Bayshore,7524,5.280511562998406,43.459553872053874,3254.0,3108.0,7340,14864,184,High Source,43.2,41.3,181.0,Denman & Bayshore,,
0186 10th & Kingsway,2414,1.7756655633802816,11.620643468655068,762.0,205.0,1939,4353,475,High Source,31.6,8.5,186.0,10th & Kingsway,,
0187 Bute & Davie,6500,1.7191887184615384,11.34534358974359,2550.0,761.0,4635,11135,1865,High Source,39.2,11.7,187.0,Bute & Davie,,
0189 Granville Island,7167,3.4045056495046744,23.55011627366169,2591.0,998.0,8577,15744,-1410,High Sink,36.2,13.9,189.0,Granville Island,,
0190 Melville & Bute,2535,3.0081250493096645,19.98293228139382,1024.0,301.0,2700,5235,-165,High Sink,40.4,11.9,190.0,Melville & Bute,,
0191 7th & Laurel,3162,2.247604048070841,13.141408391313512,953.0,313.0,3055,6217,107,High Source,30.1,9.9,191.0,7th & Laurel,,
0192 7th &  Alder,1971,2.2821344495180114,13.076441738542195,641.0,175.0,1839,3810,132,High Source,32.5,8.9,192.0,7th &  Alder,,
0193 Science World,7128,2.647458427328844,17.84028011597456,1432.0,567.0,7743,14871,-615,High Sink,20.1,8.0,193.0,Science World,,
0196 Hornby & Drake,7557,2.186377839089586,15.14034449296458,2170.0,621.0,6559,14116,998,High Source,28.7,8.2,196.0,Hornby & Drake,,
0197 1st & Scotia,2280,2.4897834780701755,15.311308479532164,568.0,179.0,2638,4918,-358,High Sink,24.9,7.9,197.0,1st & Scotia,,
0198 5th & Main,3077,2.6013970328241793,14.089968584118733,894.0,212.0,2393,5470,684,High Source,29.1,6.9,198.0,5th & Main,,
0199 Georgia & Main,2575,2.2518818135922327,14.192019417475729,804.0,220.0,2739,5314,-164,High Sink,31.2,8.5,199.0,Georgia & Main,,
0200 Cardero & Bayshore,3501,4.871338568980291,37.49810530324669,1002.0,666.0,3827,7328,-326,High Sink,28.6,19.0,200.0,Cardero & Bayshore,,
0201 Rogers Tower,4592,4.7301287739547035,34.35471472125435,1841.0,1059.0,4413,9005,179,High Source,40.1,23.1,201.0,Rogers Tower,,
0202 14th & Oak,1732,2.1939790242494226,11.336961123941492,715.0,196.0,1519,3251,213,High Source,41.3,11.3,202.0,14th & Oak,,
0204 York & Yew,2730,3.110403663003663,17.752130647130645,1008.0,305.0,3020,5750,-290,High Sink,36.9,11.2,204.0,York & Yew,,
0205 Pine & 10th,1824,2.3352395833333333,14.588422880116958,688.0,205.0,1461,3285,363,High Source,37.7,11.2,205.0,Pine & 10th,,
0206 8th & Scotia,2149,2.211755700325733,14.73392275476966,817.0,199.0,1943,4092,206,High Source,38.0,9.3,206.0,8th & Scotia,,
0207 Alberni & Jervis,1972,2.53737610040568,16.909195402298852,885.0,350.0,2077,4049,-105,High Sink,44.9,17.7,207.0,Alberni & Jervis,,
0209 Stanley Park - Information Booth,19280,6.842075985477178,54.37688278008299,10129.0,8664.0,15033,34313,4247,High Source,52.5,44.9,209.0,Stanley Park - Information Booth,,
0210 Burrard & 14th,1018,2.430479371316306,14.478061558611657,509.0,156.0,780,1798,238,High Source,50.0,15.3,210.0,Burrard & 14th,,
0211 14th & Alder,1845,2.531758265582656,13.65405600722674,478.0,170.0,1246,3091,599,High Source,25.9,9.2,211.0,14th & Alder,,
0212 Union & Dunlevy,4345,2.0054866904487914,14.87584196394323,1396.0,621.0,4584,8929,-239,High Sink,32.1,14.3,212.0,Union & Dunlevy,,
0213 Pender & Gore,2121,2.417459217350306,15.31845827439887,1040.0,245.0,2022,4143,99,High Source,49.0,11.6,213.0,Pender & Gore,,
0215 Princess & Union,2561,2.097318235064428,16.033762853052192,997.0,346.0,2589,5150,-28,Balanced,38.9,13.5,215.0,Princess & Union,,
0217 Smithe & Burrard,6856,2.1337893815635938,13.525746304939712,3272.0,570.0,6398,13254,458,High Source,47.7,8.3,217.0,Smithe & Burrard,,
0218 Carrall & Seawall,4499,2.5702282729495445,17.834307623916427,1002.0,569.0,4669,9168,-170,High Sink,22.3,12.6,218.0,Carrall & Seawall,,
0219 Hawks & Union,1655,2.296935347432024,14.059939577039277,428.0,135.0,1799,3454,-144,High Sink,25.9,8.2,219.0,Hawks & Union,,
0221 Glen & Union,2255,2.431689432372506,15.305735402808574,803.0,239.0,2408,4663,-153,High Sink,35.6,10.6,221.0,Glen & Union,,
0222 Adanac & McLean,2516,2.62239745627981,16.19480657127716,1042.0,238.0,3043,5559,-527,High Sink,41.4,9.5,222.0,Adanac & McLean,,
0223 Commercial & Adanac,1276,2.499825235109718,15.299242424242424,573.0,130.0,1246,2522,30,Balanced,44.9,10.2,223.0,Commercial & Adanac,,
0224 Pender & Commercial,592,2.364643581081081,13.721762387387388,253.0,109.0,603,1195,-11,Balanced,42.7,18.4,224.0,Pender & Commercial,,
0225 McLean & Pender,1813,2.149826254826255,13.565315315315315,727.0,168.0,2128,3941,-315,High Sink,40.1,9.3,225.0,McLean & Pender,,
0227 Campbell & Hastings,1801,2.170810477512493,15.947760503424025,600.0,200.0,2032,3833,-231,High Sink,33.3,11.1,227.0,Campbell & Hastings,,
0228 Keefer & Hawks,1482,2.189076923076923,16.214822312190734,489.0,172.0,1601,3083,-119,High Sink,33.0,11.6,228.0,Keefer & Hawks,,
0229 Keefer & Princess,2015,2.033251776674938,13.999164598842018,620.0,191.0,1757,3772,258,High Source,30.8,9.5,229.0,Keefer & Princess,,
0230 Alexander & Railway,1860,2.2394449838709676,15.497840501792115,528.0,168.0,1996,3856,-136,High Sink,28.4,9.0,230.0,Alexander & Railway,,
0231 Napier & Commercial,1108,2.4616019855595668,16.18071600481348,535.0,177.0,907,2015,201,High Source,48.3,16.0,231.0,Napier & Commercial,,
0232 Britannia Parking Lot,1201,2.0082070524562865,13.945711906744378,278.0,82.0,1108,2309,93,High Source,23.1,6.8,232.0,Britannia Parking Lot,,
0233 Thornton & National,568,2.152450704225352,17.129078638497653,218.0,127.0,702,1270,-134,High Sink,38.4,22.4,233.0,Thornton & National,,
0235 Charles & Commercial,1252,2.63638178913738,15.392438764643236,482.0,165.0,969,2221,283,High Source,38.5,13.2,235.0,Charles & Commercial,,
0236 Keith & 6th,1059,2.58829178470255,15.40306893295562,376.0,127.0,1793,2852,-734,High Sink,35.5,12.0,236.0,Keith & 6th,,
0239 Grant & Commercial,1146,2.3173638743455496,14.486009307737056,423.0,116.0,798,1944,348,High Source,36.9,10.1,239.0,Grant & Commercial,,
0240 2nd & Commercial,827,2.346042321644498,15.21247480854494,322.0,67.0,534,1361,293,High Source,38.9,8.1,240.0,2nd & Commercial,,
0241 4th & Commercial,607,2.099835255354201,12.756534870950029,218.0,76.0,374,981,233,High Source,35.9,12.5,241.0,4th & Commercial,,
0242 8th & Commercial,973,2.3589650565262077,14.368602261048304,340.0,89.0,840,1813,133,High Source,34.9,9.1,242.0,8th & Commercial,,
0244 10th & Commercial,2705,2.3805611829944544,13.692051756007393,963.0,225.0,2747,5452,-42,Balanced,35.6,8.3,244.0,10th & Commercial,,
0245 Woodland & 10th,906,2.6577593818984546,19.38276306107432,311.0,152.0,920,1826,-14,Balanced,34.3,16.8,245.0,Woodland & 10th,,
0246 Glen & Broadway,1080,2.4042191388888887,12.72135802469136,411.0,103.0,1150,2230,-70,High Sink,38.1,9.5,246.0,Glen & Broadway,,
0248 St George & Broadway,1081,2.2125596669750234,12.7,309.0,136.0,861,1942,220,High Source,28.6,12.6,248.0,St George & Broadway,,
0249 7th & Woodland,748,2.812784759358289,14.897883244206774,193.0,77.0,722,1470,26,Balanced,25.8,10.3,249.0,7th & Woodland,,
0250 Woodland & 4th,1489,2.445811282740094,12.395813745242892,684.0,159.0,1544,3033,-55,High Sink,45.9,10.7,250.0,Woodland & 4th,,
0252 Woodland & Graveley,892,2.2469484304932736,13.11696562032885,300.0,82.0,654,1546,238,High Source,33.6,9.2,252.0,Woodland & Graveley,,
0253 Charles & Woodland,1032,2.5280251937984497,14.897319121447028,362.0,168.0,1034,2066,-2,Balanced,35.1,16.3,253.0,Charles & Woodland,,
0254 Grandview & Commercial,1790,2.4850994413407825,14.31685288640596,721.0,281.0,1775,3565,15,Balanced,40.3,15.7,254.0,Grandview & Commercial,,
0255 18th & Main,1545,2.6834932038834953,14.95059331175836,602.0,130.0,1223,2768,322,High Source,39.0,8.4,255.0,18th & Main,,
0256 Prince Edward & 16th,981,2.649727828746177,14.510652395514782,384.0,144.0,825,1806,156,High Source,39.1,14.7,256.0,Prince Edward & 16th,,
0257 Prince Edward & 14th,852,2.365112676056338,14.732942097026603,368.0,105.0,619,1471,233,High Source,43.2,12.3,257.0,Prince Edward & 14th,,
0258 13th & St George,903,2.245800299003322,12.164913252122554,308.0,79.0,662,1565,241,High Source,34.1,8.7,258.0,13th & St George,,
0260 10th & Fraser,1139,2.3082973397717295,13.53321627158326,507.0,123.0,869,2008,270,High Source,44.5,10.8,260.0,10th & Fraser,,
0261 8th & Fraser,1101,2.321923705722071,12.532970027247956,357.0,82.0,833,1934,268,High Source,32.4,7.4,261.0,8th & Fraser,,
0262 8th & Prince Edward,1343,2.191396128071482,11.930876147927526,416.0,122.0,1014,2357,329,High Source,31.0,9.1,262.0,8th & Prince Edward,,
0265 St Catherines & 10th,333,1.9212852852852853,8.954604604604604,196.0,57.0,303,636,30,Balanced,58.9,17.1,265.0,St Catherines & 10th,,
0266 St Catherines & 7th,1445,2.4870020761245675,12.33354094579008,601.0,199.0,1386,2831,59,High Source,41.6,13.8,266.0,St Catherines & 7th,,
0272 Pender & Victoria,634,2.796788643533123,14.09350683491062,289.0,74.0,486,1120,148,High Source,45.6,11.7,272.0,Pender & Victoria,,
0273 Victoria & 4th,735,2.6922625850340136,17.62750566893424,396.0,136.0,619,1354,116,High Source,53.9,18.5,273.0,Victoria & 4th,,
0274 Victoria & 10th,391,2.613306905370844,15.295822676896847,167.0,70.0,343,734,48,Balanced,42.7,17.9,274.0,Victoria & 10th,,
0278 15th & Victoria (Trout Lake),996,3.149305220883534,23.16624832663989,435.0,280.0,1064,2060,-68,High Sink,43.7,28.1,278.0,15th & Victoria (Trout Lake),,
0280 Triumph & Victoria,511,3.149334637964775,15.0749184605349,258.0,95.0,565,1076,-54,High Sink,50.5,18.6,280.0,Triumph & Victoria,,
0281 Windsor & 14th,1111,2.878680468046805,17.293414341434143,373.0,136.0,1093,2204,18,Balanced,33.6,12.2,281.0,Windsor & 14th,,
0282 14th & Fraser,1486,2.5723806662180353,13.659140870345446,681.0,234.0,1256,2742,230,High Source,45.8,15.7,282.0,14th & Fraser,,
0283 15th & Knight,469,2.460368869936034,17.21680881307747,123.0,49.0,672,1141,-203,High Sink,26.2,10.4,283.0,15th & Knight,,
0285 Commercial & Pandora,446,3.5607847533632286,18.14200298953662,135.0,44.0,599,1045,-153,High Sink,30.3,9.9,285.0,Commercial & Pandora,,
0287 Carolina & Great Northern Way,1209,2.5446104218362287,14.377639922801212,446.0,193.0,1466,2675,-257,High Sink,36.9,16.0,287.0,Carolina & Great Northern Way,,
0297 6th & Prince Edward,1322,2.6002927382753405,15.75249621785174,420.0,103.0,993,2315,329,High Source,31.8,7.8,297.0,6th & Prince Edward,,
0298 6th & Carolina,1273,2.3897054202670853,16.02189054726368,401.0,149.0,1030,2303,243,High Source,31.5,11.7,298.0,6th & Carolina,,
0300 Bute & Barclay,7351,1.740011018908992,12.498288214755362,1859.0,583.0,3852,11203,3499,High Source,25.3,7.9,300.0,Bute & Barclay,,
0305 Georgia & Homer,3310,1.7723207462235648,14.166732124874118,1082.0,345.0,3261,6571,49,Balanced,32.7,10.4,305.0,Georgia & Homer,,
0308 Seymour & Cordova,1739,3.012683921794135,21.337722829212193,636.0,252.0,1902,3641,-163,High Sink,36.6,14.5,308.0,Seymour & Cordova,,
0310 Jervis & Robson,5056,1.813395371835443,12.978171149789029,1656.0,543.0,3354,8410,1702,High Source,32.8,10.7,310.0,Jervis & Robson,,
0311 13th & Cambie,636,2.34949213836478,17.840382599580714,199.0,66.0,380,1016,256,High Source,31.3,10.4,311.0,13th & Cambie,,
0313 Nelson & Denman,2277,2.091356170399649,13.703096179183136,1020.0,135.0,2427,4704,-150,High Sink,44.8,5.9,313.0,Nelson & Denman,,
0314 Rolston & Granville,2402,2.9323709408825978,16.59310296974743,1218.0,191.0,2634,5036,-232,High Sink,50.7,8.0,314.0,Rolston & Granville,,
0315 1st & Fir,1306,2.793335375191424,19.474770290964777,404.0,206.0,1393,2699,-87,High Sink,30.9,15.8,315.0,1st & Fir,,
0352 Commercial & 20th,857,3.1898296382730456,20.244690781796965,349.0,121.0,781,1638,76,High Source,40.7,14.1,352.0,Commercial & 20th,,
0354 Station & Terminal,1040,2.5835721153846154,19.686955128205128,344.0,145.0,1515,2555,-475,High Sink,33.1,13.9,354.0,Station & Terminal,,
0400 Jericho Beach,3701,3.813576871115915,26.69630730433217,1013.0,425.0,3982,7683,-281,High Sink,27.4,11.5,400.0,Jericho Beach,,
0401 Wallace & 4th,511,3.427706457925636,19.759034572733203,190.0,131.0,570,1081,-59,High Sink,37.2,25.6,401.0,Wallace & 4th,,
0403 Highbury & 8th,670,3.5708089552238804,24.26584577114428,263.0,140.0,760,1430,-90,High Sink,39.3,20.9,403.0,Highbury & 8th,,
0410 Alma & Point Grey,1280,3.4375335937499996,25.300026041666666,385.0,229.0,1365,2645,-85,High Sink,30.1,17.9,410.0,Alma & Point Grey,,
0414 Dunbar & 6th,843,3.5917425860023724,20.257572162910243,386.0,142.0,931,1774,-88,High Sink,45.8,16.8,414.0,Dunbar & 6th,,
0415 Dunbar & Broadway,1340,3.6137574626865674,20.75789800995025,692.0,245.0,1556,2896,-216,High Sink,51.6,18.3,415.0,Dunbar & Broadway,,
0431 Blenheim & 4th,1177,3.269519966015293,19.150155763239876,468.0,185.0,1145,2322,32,Balanced,39.8,15.7,431.0,Blenheim & 4th,,
0440 Point Grey & Blenheim,1142,2.999431698774081,19.429188558085233,329.0,182.0,1170,2312,-28,Balanced,28.8,15.9,440.0,Point Grey & Blenheim,,
0443 Balaclava & 6th,818,3.131552567237164,17.636145069274654,269.0,140.0,959,1777,-141,High Sink,32.9,17.1,443.0,Balaclava & 6th,,
0444 Balaclava & Broadway,1884,3.145501061571125,19.479396673743807,759.0,276.0,2069,3953,-185,High Sink,40.3,14.6,444.0,Balaclava & Broadway,,
0450 Point Grey & Bayswater,1629,3.0757489257213018,19.975547370574997,504.0,231.0,1770,3399,-141,High Sink,30.9,14.2,450.0,Point Grey & Bayswater,,
0452 8th & Macdonald,1565,2.9914408945686897,16.32451544195953,716.0,98.0,1715,3280,-150,High Sink,45.8,6.3,452.0,8th & Macdonald,,
0460 Trafalgar & Cornwall,1242,3.356193236714976,24.350335480407946,378.0,211.0,1380,2622,-138,High Sink,30.4,17.0,460.0,Trafalgar & Cornwall,,
0464 Trafalgar & Broadway,1987,2.7786411675893308,17.81050998154672,826.0,252.0,2046,4033,-59,High Sink,41.6,12.7,464.0,Trafalgar & Broadway,,
0470 Balsam & Cornwall,2244,3.0734233511586453,21.866013071895427,818.0,400.0,2482,4726,-238,High Sink,36.5,17.8,470.0,Balsam & Cornwall,,
0480 Arbutus & Nanton,1082,3.352681146025878,17.57116451016636,658.0,180.0,1128,2210,-46,Balanced,60.8,16.6,480.0,Arbutus & Nanton,,
0482 East Blvd & 37th,1394,4.3772984218077475,22.77156862745098,674.0,364.0,1291,2685,103,High Source,48.4,26.1,482.0,East Blvd & 37th,,
0484 Yew & Broadway,2798,2.3080270443173694,13.755009530617109,1258.0,348.0,2608,5406,190,High Source,45.0,12.4,484.0,Yew & Broadway,,
0505 28th & Willow,1339,3.037218073188947,14.57766990291262,673.0,177.0,1059,2398,280,High Source,50.3,13.2,505.0,28th & Willow,,
0511 Heather & 18th,1919,2.2796710109431997,12.61189855827688,994.0,288.0,1733,3652,186,High Source,51.8,15.0,511.0,Heather & 18th,,
0516 Heather & 29th,1117,2.9269328558639214,14.35701283199045,431.0,129.0,788,1905,329,High Source,38.6,11.5,516.0,Heather & 29th,,
0524 King Edward & Cambie,1653,1.9313012704174228,11.425529340592862,1093.0,141.0,975,2628,678,High Source,66.1,8.5,524.0,King Edward & Cambie,,
0526 29th & Cambie,572,3.3924755244755245,28.23085664335664,145.0,87.0,372,944,200,High Source,25.3,15.2,526.0,29th & Cambie,,
0531 18th & Cambie,1460,2.2025589041095888,13.147876712328769,630.0,188.0,1203,2663,257,High Source,43.2,12.9,531.0,18th & Cambie,,
0532 22nd & Cambie,879,2.1037098976109214,13.355498672734168,294.0,102.0,556,1435,323,High Source,33.4,11.6,532.0,22nd & Cambie,,
0554 Ontario & 23rd,1171,2.4779188727583263,16.168502704241387,592.0,188.0,945,2116,226,High Source,50.6,16.1,554.0,Ontario & 23rd,,
0557 30th & Ontario,2718,3.1371026490066227,17.072964189354916,1430.0,461.0,2664,5382,54,High Source,52.6,17.0,557.0,30th & Ontario,,
0561 20th & Main,690,2.5835362318840582,17.918478260869566,321.0,97.0,576,1266,114,High Source,46.5,14.1,561.0,20th & Main,,
0563 22nd & Main,1152,2.8904505208333333,18.143619791666666,470.0,131.0,936,2088,216,High Source,40.8,11.4,563.0,22nd & Main,,
0565 27th & Main,1589,3.096533668974198,16.748479127333752,635.0,244.0,1195,2784,394,High Source,40.0,15.4,565.0,27th & Main,,
0611 Wall & Eton,534,3.460316479400749,23.5585518102372,296.0,92.0,550,1084,-16,Balanced,55.4,17.2,611.0,Wall & Eton,,
0617 Adanac & Lakewood,1282,3.2200483619344773,18.36474258970359,584.0,206.0,988,2270,294,High Source,45.6,16.1,617.0,Adanac & Lakewood,,
0621 Lakewood & Oxford,482,3.7793360995850622,17.863727524204705,285.0,77.0,485,967,-3,Balanced,59.1,16.0,621.0,Lakewood & Oxford,,
0631 Lakewood & Triumph,1121,3.730735057983943,20.061091287540886,699.0,170.0,1111,2232,10,Balanced,62.4,15.2,631.0,Lakewood & Triumph,,
0642 Franklin & Nanaimo,1170,3.5766404529914526,21.292920227920227,674.0,167.0,1022,2192,148,High Source,57.6,14.3,642.0,Franklin & Nanaimo,,
0715 Trimble & 8th,624,3.624844551282051,18.716319444444444,327.0,139.0,549,1173,75,High Source,52.4,22.3,715.0,Trimble & 8th,,
0716 Sasamat & 10th,746,3.686096514745308,25.072721179624665,376.0,156.0,635,1381,111,High Source,50.4,20.9,716.0,Sasamat & 10th,,
0801 Spanish Banks East,1561,4.623928891736067,30.427813367499464,666.0,350.0,1876,3437,-315,High Sink,42.7,22.4,801.0,Spanish Banks East,,
0980 Workshop - Balancer Bike Check In,10,0.2293,10.051666666666666,8.0,7.0,100,110,-90,High Sink,80.0,70.0,980.0,Workshop - Balancer Bike Check In,,
0981 Workshop - Service Complete,154,2.6210605844155843,18.475757575757576,98.0,25.0,59,213,95,High Source,63.6,16.2,981.0,Workshop - Service Complete,,
0982 Workshop - Bike Testing,13,0.6184615384615384,28.430769230769233,6.0,8.0,42,55,-29,Balanced,46.2,61.5,982.0,Workshop - Bike Testing,,
0991 HQ Workshop,21,1.9683809523809523,9.41190476190476,13.0,0.0,4,25,17,Balanced,61.9,0.0,991.0,HQ Workshop,,
0992 Workshop - Transmitter Storage,10,0.4307999999999999,125.22,1.0,0.0,1,11,9,Balanced,10.0,0.0,992.0,Workshop - Transmitter Storage,,
0994 Workshop - Transmitter Testing,15,0.803,10.568888888888887,8.0,0.0,0,15,15,Balanced,53.3,0.0,994.0,Workshop - Transmitter Testing,,
0995 Workshop - Transmitter On Deck,1,4.647,20.666666666666668,1.0,0.0,18,19,-17,Balanced,100.0,0.0,995.0,Workshop - Transmitter On Deck,,
0997 Workshop - Demo Station,95,2.9968000000000004,13.072105263157894,90.0,24.0,102,197,-7,Balanced,94.7,25.3,997.0,Workshop - Demo Station,,
10th & Cambie,982,2.066940936863544,12.034351663272234,296.0,27.0,1101,2083,-119,High Sink,30.1,2.7,,10th & Cambie,,
10th & Columbia,352,2.334534090909091,14.821875,103.0,22.0,291,643,61,High Source,29.3,6.2,,10th & Columbia,,
10th & Commercial,429,2.905799533799534,15.695454545454549,173.0,15.0,412,841,17,Balanced,40.3,3.5,,10th & Commercial,,
10th & Fraser,250,2.309248,11.1612,87.0,4.0,198,448,52,High Source,34.8,1.6,,10th & Fraser,,
10th & Granville,485,2.3521463917525773,12.475257731958765,188.0,13.0,417,902,68,High Source,38.8,2.7,,10th & Granville,,
10th & Kingsway,396,1.960012626262626,10.768939393939394,108.0,13.0,313,709,83,High Source,27.3,3.3,,10th & Kingsway,,
10th & Main,520,2.3903634615384615,14.814647435897436,144.0,12.0,417,937,103,High Source,27.7,2.3,,10th & Main,,
10th & Ontario,453,2.2725430463576157,11.48991905813098,125.0,18.0,290,743,163,High Source,27.6,4.0,,10th & Ontario,,
11th & Kingsway,337,2.706471810089021,13.07225519287834,239.0,7.0,212,549,125,High Source,70.9,2.1,,11th & Kingsway,,
12th & Yukon (City Hall),78,2.038641025641026,11.142735042735042,19.0,0.0,65,143,13,Balanced,24.4,0.0,,12th & Yukon (City Hall),,
13th & Cambie,124,2.819241935483871,16.861290322580647,38.0,3.0,73,197,51,High Source,30.6,2.4,,13th & Cambie,,
13th & St George,183,2.537486338797814,20.29735883424408,67.0,6.0,140,323,43,Balanced,36.6,3.3,,13th & St George,,
14th & Alder,318,2.798305031446541,12.935272536687632,73.0,5.0,190,508,128,High Source,23.0,1.6,,14th & Alder,,
14th & Cambie,199,2.2922311557788944,13.55778894472362,55.0,5.0,156,355,43,Balanced,27.6,2.5,,14th & Cambie,,
14th & Fraser,248,2.639883064516129,14.288575268817205,92.0,15.0,204,452,44,Balanced,37.1,6.0,,14th & Fraser,,
14th & Granville,441,2.6632721088435374,18.622789115646256,143.0,9.0,379,820,62,High Source,32.4,2.0,,14th & Granville,,
14th & Main,365,2.7973260273972604,16.651917808219178,160.0,8.0,330,695,35,Balanced,43.8,2.2,,14th & Main,,
14th & Oak,328,2.3622682926829266,14.244207317073172,94.0,7.0,274,602,54,High Source,28.7,2.1,,14th & Oak,,
14th & Ontario,296,2.2650439189189187,10.80658783783784,90.0,13.0,155,451,141,High Source,30.4,4.4,,14th & Ontario,,
15th & Knight,98,2.971765306122449,22.93469387755102,33.0,8.0,148,246,-50,Balanced,33.7,8.2,,15th & Knight,,
15th & Victoria (Trout Lake),171,3.830450292397661,28.40263157894737,70.0,46.0,191,362,-20,Balanced,40.9,26.9,,15th & Victoria (Trout Lake),,
18th & Cambie,338,2.483103550295858,14.892110453648916,120.0,11.0,263,601,75,High Source,35.5,3.3,,18th & Cambie,,
18th & Main,265,2.8031962264150945,16.71383647798742,77.0,5.0,198,463,67,High Source,29.1,1.9,,18th & Main,,
1st & Chestnut,750,2.6154173333333333,16.221577777777778,237.0,22.0,867,1617,-117,High Sink,31.6,2.9,,1st & Chestnut,,
1st & Fir,333,3.337804804804805,18.017067067067067,72.0,14.0,335,668,-2,Balanced,21.6,4.2,,1st & Fir,,
1st & Manitoba,1187,2.6969856781802863,14.7489750070205,517.0,42.0,1241,2428,-54,High Sink,43.6,3.5,,1st & Manitoba,,
1st & Scotia,399,2.6416892230576443,18.227234753550544,90.0,18.0,463,862,-64,High Sink,22.6,4.5,,1st & Scotia,,
2001 Great Outdoor Comedy Festival - Mobi Valet,6,4.863833333333333,256.125,2.0,0.0,120,126,-114,High Sink,33.3,0.0,2001.0,Great Outdoor Comedy Festival - Mobi Valet,,
2002 Station State Testing,0,,,,,1,1,-1,Balanced,,,2002.0,Station State Testing,,
2025 Special Event Station,16,1.986125,13.347916666666666,5.0,12.0,40,56,-24,Balanced,31.2,75.0,2025.0,Special Event Station,,
2025 Yard Rebrand Station,22,2.218318181818182,10.525,22.0,5.0,6,28,16,Balanced,100.0,22.7,2025.0,Yard Rebrand Station,,
20th & Main,186,3.3679193548387096,23.113082437275988,43.0,4.0,176,362,10,Balanced,23.1,2.2,,20th & Main,,
2112 Place Vanier,187,3.802144385026738,25.189572192513367,88.0,31.0,227,414,-40,Balanced,47.1,16.6,2112.0,Place Vanier,,
2114 West Mall Swing Space Building,2511,2.2353130227001197,16.518472056285674,1479.0,436.0,2545,5056,-34,Balanced,58.9,17.4,2114.0,West Mall Swing Space Building,,
2116 Orchard Commons,3200,1.677765728125,15.447562499999998,2144.0,534.0,3036,6236,164,High Source,67.0,16.7,2116.0,Orchard Commons,,
2117 Totem Park,1624,1.908820197044335,20.2997434318555,860.0,432.0,1559,3183,65,High Source,53.0,26.6,2117.0,Totem Park,,
2127 Thunderbird & Thunderbird,788,1.8468921319796952,17.34335871404399,455.0,187.0,743,1531,45,Balanced,57.7,23.7,2127.0,Thunderbird & Thunderbird,,
2131 Brock Commons,2247,3.869620827770361,21.270137961726743,1244.0,264.0,2124,4371,123,High Source,55.4,11.7,2131.0,Brock Commons,,
2132 IK Barber Learning Centre,1727,2.862128546612623,20.702422312294924,1039.0,259.0,1629,3356,98,High Source,60.2,15.0,2132.0,IK Barber Learning Centre,,
2134 UBC Bookstore,1935,2.358614987080103,20.48596037898364,1081.0,206.0,1910,3845,25,Balanced,55.9,10.6,2134.0,UBC Bookstore,,
2136 Agronomy & East Mall,1124,2.8865222419928824,13.339605575326216,704.0,80.0,974,2098,150,High Source,62.6,7.1,2136.0,Agronomy & East Mall,,
2142 qəlɬaləməcən leləm | Orca House,1242,2.603186795491143,20.73870101986044,634.0,312.0,1115,2357,127,High Source,51.0,25.1,2142.0,qəlɬaləməcən leləm | Orca House,,
2143 War Memorial Gym,2266,2.735172696381289,19.748543689320385,1393.0,286.0,2049,4315,217,High Source,61.5,12.6,2143.0,War Memorial Gym,,
2154 Strangway Building,1474,2.25568407734057,22.403765264586163,674.0,102.0,1417,2891,57,High Source,45.7,6.9,2154.0,Strangway Building,,
2156 Pharmaceutical Sciences,858,2.054462703962704,18.088908313908313,433.0,171.0,648,1506,210,High Source,50.5,19.9,2156.0,Pharmaceutical Sciences,,
2157 Thunderbird Parkade,929,2.3321808396124863,17.49540724793685,599.0,123.0,811,1740,118,High Source,64.5,13.2,2157.0,Thunderbird Parkade,,
2167 Acadia Park,224,1.6248348214285715,9.311309523809523,150.0,67.0,213,437,11,Balanced,67.0,29.9,2167.0,Acadia Park,,
2252 Wesbrook Village - Berton & Shrum,2836,2.609552891396333,19.492659849553363,1505.0,522.0,3007,5843,-171,High Sink,53.1,18.4,2252.0,Wesbrook Village - Berton & Shrum,,
22nd & Cambie,176,2.4260681818181817,14.764488636363636,42.0,5.0,105,281,71,High Source,23.9,2.8,,22nd & Cambie,,
22nd & Main,165,3.531593939393939,16.714040404040404,52.0,2.0,138,303,27,Balanced,31.5,1.2,,22nd & Main,,
27th & Main,277,3.628635379061372,18.487244283995185,96.0,12.0,205,482,72,High Source,34.7,4.3,,27th & Main,,
28th & Willow,224,3.371169642857143,15.82566964285714,99.0,7.0,170,394,54,High Source,44.2,3.1,,28th & Willow,,
29th & Cambie,143,4.3024545454545455,22.962004662004663,29.0,5.0,103,246,40,Balanced,20.3,3.5,,29th & Cambie,,
2nd & Commercial,123,2.9612357723577234,15.75040650406504,32.0,1.0,102,225,21,Balanced,26.0,0.8,,2nd & Commercial,,
30th & Ontario,504,3.6554484126984126,18.28832671957672,186.0,34.0,464,968,40,Balanced,36.9,6.7,,30th & Ontario,,
4th & Commercial,114,2.3829122807017544,13.303947368421053,32.0,5.0,62,176,52,High Source,28.1,4.4,,4th & Commercial,,
5th & Arbutus,357,2.865941176470588,16.621475256769376,144.0,9.0,277,634,80,High Source,40.3,2.5,,5th & Arbutus,,
5th & Main,525,2.618986666666667,14.072825396825396,148.0,11.0,354,879,171,High Source,28.2,2.1,,5th & Main,,
6th & Carolina,217,2.576986175115207,14.561674347158217,44.0,6.0,132,349,85,High Source,20.3,2.8,,6th & Carolina,,
6th & Prince Edward,265,2.8425018867924527,15.028176100628931,77.0,14.0,229,494,36,Balanced,29.1,5.3,,6th & Prince Edward,,
7th &  Alder,356,2.634311797752809,13.915964419475657,84.0,11.0,311,667,45,Balanced,23.6,3.1,,7th &  Alder,,
7th & Arbutus,416,2.482314903846154,16.991346153846152,195.0,44.0,332,748,84,High Source,46.9,10.6,,7th & Arbutus,,
7th & Granville,400,2.418925,11.912416666666664,120.0,11.0,332,732,68,High Source,30.0,2.8,,7th & Granville,,
7th & Heather,438,2.6004977168949774,15.116057838660575,63.0,11.0,413,851,25,Balanced,14.4,2.5,,7th & Heather,,
7th & Laurel,621,2.462019323671498,14.458722490606547,199.0,21.0,587,1208,34,Balanced,32.0,3.4,,7th & Laurel,,
7th & Woodland,102,3.130019607843137,15.412254901960784,20.0,5.0,115,217,-13,Balanced,19.6,4.9,,7th & Woodland,,
8th & Ash,622,2.512942122186495,15.478831725616292,250.0,5.0,582,1204,40,Balanced,40.2,0.8,,8th & Ash,,
8th & Commercial,178,2.5214662921348316,13.38380149812734,65.0,6.0,124,302,54,High Source,36.5,3.4,,8th & Commercial,,
8th & Fraser,206,2.3777961165048547,12.546601941747571,43.0,4.0,148,354,58,High Source,20.9,1.9,,8th & Fraser,,
8th & Macdonald,351,2.730817663817664,19.101092117758785,112.0,7.0,377,728,-26,Balanced,31.9,2.0,,8th & Macdonald,,
8th & Ontario,570,2.428582456140351,15.786023391812863,204.0,7.0,534,1104,36,Balanced,35.8,1.2,,8th & Ontario,,
8th & Prince Edward,255,2.3138705882352943,15.732875816993465,68.0,3.0,168,423,87,High Source,26.7,1.2,,8th & Prince Edward,,
8th & Scotia,341,2.109199413489736,16.678690127077225,94.0,4.0,299,640,42,Balanced,27.6,1.2,,8th & Scotia,,
8th & Yukon,514,2.2707023346303505,16.049902723735407,145.0,7.0,490,1004,24,Balanced,28.2,1.4,,8th & Yukon,,
Abbott & Cordova,579,2.756336787564767,17.847322970639034,155.0,23.0,635,1214,-56,High Sink,26.8,4.0,,Abbott & Cordova,,
Adanac & Lakewood,215,3.4070558139534888,18.69829457364341,65.0,11.0,166,381,49,Balanced,30.2,5.1,,Adanac & Lakewood,,
Adanac & McLean,403,2.656141439205955,23.583953680727877,139.0,16.0,525,928,-122,High Sink,34.5,4.0,,Adanac & McLean,,
Agronomy & East Mall,124,4.638959677419355,18.301747311827956,92.0,2.0,108,232,16,Balanced,74.2,1.6,,Agronomy & East Mall,,
Alberni & Jervis,367,2.9367656675749316,17.808219800181654,123.0,13.0,342,709,25,Balanced,33.5,3.5,,Alberni & Jervis,,
Alder & 11th,725,2.577824827586207,16.033080459770115,267.0,35.0,631,1356,94,High Source,36.8,4.8,,Alder & 11th,,
Alexander & Dunlevy,283,2.311575971731449,14.539693757361604,140.0,36.0,253,536,30,Balanced,49.5,12.7,,Alexander & Dunlevy,,
Alexander & Main,270,2.944640740740741,21.681234567901235,118.0,10.0,301,571,-31,Balanced,43.7,3.7,,Alexander & Main,,
Alexander & Railway,320,2.280021875,11.60421875,71.0,22.0,384,704,-64,High Sink,22.2,6.9,,Alexander & Railway,,
Alma & Point Grey,242,3.921285123966942,21.911432506887053,74.0,15.0,263,505,-21,Balanced,30.6,6.2,,Alma & Point Grey,,
Anderson & 2nd,791,3.6132199747155496,21.54818794774547,219.0,41.0,913,1704,-122,High Sink,27.7,5.2,,Anderson & 2nd,,
Aquatic Centre,947,4.114532206969377,30.739317141851465,238.0,50.0,1213,2160,-266,High Sink,25.1,5.3,,Aquatic Centre,,
Arbutus & 10th,297,2.686124579124579,13.478507295173962,81.0,12.0,302,599,-5,Balanced,27.3,4.0,,Arbutus & 10th,,
Arbutus & 16th,130,2.6065615384615386,20.50038461538462,22.0,8.0,106,236,24,Balanced,16.9,6.2,,Arbutus & 16th,,
Arbutus & Nanton,204,4.394573529411765,21.367320261437907,109.0,9.0,212,416,-8,Balanced,53.4,4.4,,Arbutus & Nanton,,
Arbutus Greenway & 14th,151,3.296801324503311,14.809823399558498,39.0,6.0,135,286,16,Balanced,25.8,4.0,,Arbutus Greenway & 14th,,
Arbutus Greenway & Fir,299,2.3871806020066892,13.973076923076922,84.0,9.0,337,636,-38,Balanced,28.1,3.0,,Arbutus Greenway & Fir,,
Balaclava & 6th,181,3.891209944751381,21.721639042357275,44.0,8.0,210,391,-29,Balanced,24.3,4.4,,Balaclava & 6th,,
Balaclava & Broadway,392,3.240390306122449,18.23205782312925,136.0,17.0,464,856,-72,High Sink,34.7,4.3,,Balaclava & Broadway,,
Balsam & Cornwall,414,3.448434782608696,23.66280193236715,123.0,21.0,461,875,-47,Balanced,29.7,5.1,,Balsam & Cornwall,,
Beach & Broughton,808,3.495152227722772,19.19418316831683,123.0,33.0,957,1765,-149,High Sink,15.2,4.1,,Beach & Broughton,,
Beach & Cardero,378,3.4504841269841267,24.470194003527336,81.0,19.0,472,850,-94,High Sink,21.4,5.0,,Beach & Cardero,,
Beach & Hornby,1427,3.2411191310441487,20.032293856575567,357.0,69.0,1601,3028,-174,High Sink,25.0,4.8,,Beach & Hornby,,
Beach & Seymour,335,2.853889552238806,14.17950248756219,58.0,25.0,476,811,-141,High Sink,17.3,7.5,,Beach & Seymour,,
Beatty & Nelson,369,2.2131056910569105,14.273486901535684,75.0,11.0,339,708,30,Balanced,20.3,3.0,,Beatty & Nelson,,
Bidwell & Burnaby,694,3.070867435158501,18.55996637848223,210.0,49.0,706,1400,-12,Balanced,30.3,7.1,,Bidwell & Burnaby,,
Blenheim & 4th,213,3.9752910798122065,28.810406885759,65.0,14.0,206,419,7,Balanced,30.5,6.6,,Blenheim & 4th,,
Britannia Parking Lot,256,2.0378125,10.652734375,39.0,8.0,227,483,29,Balanced,15.2,3.1,,Britannia Parking Lot,,
Brock Commons,376,4.382880319148936,26.26604609929078,203.0,37.0,362,738,14,Balanced,54.0,9.8,,Brock Commons,,
Broughton & Davie,550,2.22316,10.954727272727274,315.0,14.0,307,857,243,High Source,57.3,2.5,,Broughton & Davie,,
Burrard & 14th,162,2.3355925925925924,11.606687242798351,49.0,7.0,115,277,47,Balanced,30.2,4.3,,Burrard & 14th,,
Burrard & 4th,257,2.8688677042801554,15.234760051880675,65.0,7.0,349,606,-92,High Sink,25.3,2.7,,Burrard & 4th,,
Burrard & 7th,313,2.5023546325878594,17.69845580404686,89.0,6.0,283,596,30,Balanced,28.4,1.9,,Burrard & 7th,,
Burrard & Drake,807,2.4077856257744736,13.537092110698058,215.0,18.0,717,1524,90,High Source,26.6,2.2,,Burrard & Drake,,
Burrard Station (Melville & Dunsmuir),676,2.290976331360947,15.5961291913215,206.0,30.0,727,1403,-51,High Sink,30.5,4.4,,Burrard Station (Melville & Dunsmuir),,
Bute & Barclay,1332,1.7309384384384383,9.680392892892892,298.0,33.0,694,2026,638,High Source,22.4,2.5,,Bute & Barclay,,
Bute & Comox,961,1.8837013527575444,11.464550815123136,183.0,20.0,413,1374,548,High Source,19.0,2.1,,Bute & Comox,,
Bute & Davie,1106,1.7949602169981915,11.241802290536468,353.0,25.0,769,1875,337,High Source,31.9,2.3,,Bute & Davie,,
Cambie & Water,356,3.549432584269663,30.64058988764045,158.0,11.0,509,865,-153,High Sink,44.4,3.1,,Cambie & Water,,
Campbell & Hastings,285,2.3048280701754384,14.07497076023392,67.0,17.0,347,632,-62,High Sink,23.5,6.0,,Campbell & Hastings,,
Canada Place,881,5.208102156640181,32.59861899356792,284.0,93.0,1083,1964,-202,High Sink,32.2,10.6,,Canada Place,,
Cardero & Bayshore,631,5.452226624405705,37.65206022187005,169.0,65.0,691,1322,-60,High Sink,26.8,10.3,,Cardero & Bayshore,,
Cardero & Davie,972,2.4067499999999997,14.733796296296296,415.0,37.0,962,1934,10,Balanced,42.7,3.8,,Cardero & Davie,,
Cardero & Robson,851,2.3623137485311396,14.687759498629063,289.0,27.0,882,1733,-31,Balanced,34.0,3.2,,Cardero & Robson,,
Carolina & Great Northern Way,169,2.8100177514792897,26.729191321499016,59.0,5.0,204,373,-35,Balanced,34.9,3.0,,Carolina & Great Northern Way,,
Carrall & Hastings,212,2.736301886792453,15.3186320754717,75.0,7.0,261,473,-49,Balanced,35.4,3.3,,Carrall & Hastings,,
Carrall & Seawall,778,2.909065552699229,19.623993144815767,148.0,33.0,863,1641,-85,High Sink,19.0,4.2,,Carrall & Seawall,,
Charles & Commercial,177,2.846949152542373,14.725894538606402,53.0,4.0,135,312,42,Balanced,29.9,2.3,,Charles & Commercial,,
Charles & Woodland,171,3.6388771929824566,16.842105263157894,49.0,10.0,169,340,2,Balanced,28.7,5.8,,Charles & Woodland,,
Charleson Park,431,2.78099535962877,14.359126063418406,97.0,20.0,459,890,-28,Balanced,22.5,4.6,,Charleson Park,,
Chestnut & McNicoll,303,3.541168316831683,24.286358635863586,87.0,19.0,313,616,-10,Balanced,28.7,6.3,,Chestnut & McNicoll,,
Chilco & Barclay,657,3.315978691019787,18.186352105530187,192.0,37.0,724,1381,-67,High Sink,29.2,5.6,,Chilco & Barclay,,
Chilco & Beach,590,4.115320338983051,31.86234463276836,181.0,77.0,737,1327,-147,High Sink,30.7,13.1,,Chilco & Beach,,
Chilco & Robson,497,3.9118752515090542,27.001844399731723,151.0,54.0,579,1076,-82,High Sink,30.4,10.9,,Chilco & Robson,,
Columbia & 14th,113,1.8311769911504423,19.42182890855457,23.0,2.0,67,180,46,Balanced,20.4,1.8,,Columbia & 14th,,
Columbia & 1st,815,2.865036809815951,16.27042944785276,336.0,35.0,819,1634,-4,Balanced,41.2,4.3,,Columbia & 1st,,
Columbia & 5th,234,2.815136752136752,14.610113960113962,40.0,4.0,294,528,-60,High Sink,17.1,1.7,,Columbia & 5th,,
Commercial & 20th,157,3.348738853503185,21.57569002123142,61.0,4.0,133,290,24,Balanced,38.9,2.5,,Commercial & 20th,,
Commercial & Adanac,254,2.6126220472440944,21.35511811023622,83.0,2.0,255,509,-1,Balanced,32.7,0.8,,Commercial & Adanac,,
Commercial & Pandora,70,3.8379857142857143,18.305714285714288,8.0,0.0,73,143,-3,Balanced,11.4,0.0,,Commercial & Pandora,,
Comox & Broughton,406,1.928039408866995,10.600697865353036,140.0,10.0,344,750,62,High Source,34.5,2.5,,Comox & Broughton,,
Comox & Denman,662,2.5312084592145014,15.939954682779456,169.0,20.0,754,1416,-92,High Sink,25.5,3.0,,Comox & Denman,,
Cordova & Bute,519,4.663161849710983,34.16294155427103,184.0,40.0,516,1035,3,Balanced,35.5,7.7,,Cordova & Bute,,
Cordova & Granville,379,3.6313984168865434,21.6896218117854,179.0,7.0,472,851,-93,High Sink,47.2,1.8,,Cordova & Granville,,
Creekside Park North,906,2.8301688741721853,22.863962472406183,193.0,53.0,964,1870,-58,High Sink,21.3,5.8,,Creekside Park North,,
Cypress & 10th,249,2.725092369477911,14.68380187416332,70.0,15.0,238,487,11,Balanced,28.1,6.0,,Cypress & 10th,,
Cypress & 14th,97,2.7323814432989693,13.159450171821303,20.0,3.0,69,166,28,Balanced,20.6,3.1,,Cypress & 14th,,
Cypress & 16th,60,2.31515,13.55,17.0,5.0,41,101,19,Balanced,28.3,8.3,,Cypress & 16th,,
Cypress & 4th,521,2.940134357005758,20.04676903390915,125.0,13.0,643,1164,-122,High Sink,24.0,2.5,,Cypress & 4th,,
Cypress & Cornwall,508,3.0701437007874017,20.951706036745406,226.0,26.0,683,1191,-175,High Sink,44.5,5.1,,Cypress & Cornwall,,
David Lam Park,527,3.3506565464895637,24.454554079696393,62.0,29.0,541,1068,-14,Balanced,11.8,5.5,,David Lam Park,,
Davie & Beach,1920,4.7971265625,33.66765625,567.0,271.0,2729,4649,-809,High Sink,29.5,14.1,,Davie & Beach,,
Denman & Bayshore,1278,6.7357308294209695,48.765845070422536,555.0,311.0,1218,2496,60,High Source,43.4,24.3,,Denman & Bayshore,,
Dunbar & 6th,130,4.839438461538461,26.756923076923076,70.0,7.0,163,293,-33,Balanced,53.8,5.4,,Dunbar & 6th,,
Dunbar & Broadway,230,3.737695652173913,24.072681159420288,84.0,9.0,252,482,-22,Balanced,36.5,3.9,,Dunbar & Broadway,,
Dunsmuir & Beatty,1119,2.124311885612154,16.729639559130177,223.0,34.0,1001,2120,118,High Source,19.9,3.0,,Dunsmuir & Beatty,,
Dunsmuir & Richards,738,2.197348238482385,13.473622402890696,245.0,20.0,860,1598,-122,High Sink,33.2,2.7,,Dunsmuir & Richards,,
East Blvd & 37th,99,5.516111111111111,43.60134680134681,25.0,13.0,98,197,1,Balanced,25.3,13.1,,East Blvd & 37th,,
Expo & Carrall,327,2.4623180428134557,15.137920489296636,72.0,6.0,439,766,-112,High Sink,22.0,1.8,,Expo & Carrall,,
Expo & Smithe,538,2.4225855018587357,17.034758364312268,164.0,22.0,563,1101,-25,Balanced,30.5,4.1,,Expo & Smithe,,
Franklin & Nanaimo,222,3.715355855855856,21.29346846846847,120.0,15.0,178,400,44,Balanced,54.1,6.8,,Franklin & Nanaimo,,
Georgia & Homer,453,1.9575518763796909,13.576195732155997,93.0,8.0,439,892,14,Balanced,20.5,1.8,,Georgia & Homer,,
Georgia & Main,502,2.4576992031872513,16.772543160690574,108.0,20.0,584,1086,-82,High Sink,21.5,4.0,,Georgia & Main,,
Glen & Broadway,147,2.1824013605442176,11.543310657596372,52.0,4.0,189,336,-42,Balanced,35.4,2.7,,Glen & Broadway,,
Glen & Union,438,2.436285388127854,13.71480213089802,126.0,29.0,477,915,-39,Balanced,28.8,6.6,,Glen & Union,,
Grandview & Commercial,319,3.2107210031347964,18.753082549634275,122.0,12.0,327,646,-8,Balanced,38.2,3.8,,Grandview & Commercial,,
Grant & Commercial,188,2.4096702127659575,13.01613475177305,67.0,6.0,143,331,45,Balanced,35.6,3.2,,Grant & Commercial,,
Granville & Georgia,558,1.973093189964158,14.594832735961768,145.0,16.0,506,1064,52,High Source,26.0,2.9,,Granville & Georgia,,
Granville Island,1245,3.83614859437751,26.260722891566264,341.0,50.0,1435,2680,-190,High Sink,27.4,4.0,,Granville Island,,
Haro & Denman,730,2.567571232876712,15.469155251141553,205.0,46.0,1030,1760,-300,High Sink,28.1,6.3,,Haro & Denman,,
Harwood & Bute,747,2.5678139223560907,16.28404730031236,167.0,31.0,479,1226,268,High Source,22.4,4.1,,Harwood & Bute,,
Hastings & Broughton,465,5.593251612903226,37.23215053763441,103.0,37.0,591,1056,-126,High Sink,22.2,8.0,,Hastings & Broughton,,
Hawks & Union,325,2.255070769230769,12.796615384615384,77.0,16.0,379,704,-54,High Sink,23.7,4.9,,Hawks & Union,,
Heather & 10th,176,2.554068181818182,12.849526515151515,82.0,6.0,168,344,8,Balanced,46.6,3.4,,Heather & 10th,,
Heather & 14th,430,2.2905441860465117,11.340891472868217,160.0,15.0,331,761,99,High Source,37.2,3.5,,Heather & 14th,,
Heather & 16th,173,2.6342947976878612,21.40761078998073,54.0,12.0,143,316,30,Balanced,31.2,6.9,,Heather & 16th,,
Heather & 18th,292,2.660174657534246,16.39200913242009,111.0,10.0,265,557,27,Balanced,38.0,3.4,,Heather & 18th,,
Heather & 29th,191,2.904329842931937,17.850959860383945,62.0,13.0,144,335,47,Balanced,32.5,6.8,,Heather & 29th,,
Helmcken & Burrard,922,2.2599088937093277,17.663105567606653,444.0,172.0,856,1778,66,High Source,48.2,18.7,,Helmcken & Burrard,,
Highbury & 8th,120,3.2874666666666665,19.06263888888889,28.0,5.0,114,234,6,Balanced,23.3,4.2,,Highbury & 8th,,
Homer & Robson (Vancouver Public Library),592,2.1021773648648647,14.798986486486486,185.0,17.0,503,1095,89,High Source,31.2,2.9,,Homer & Robson (Vancouver Public Library),,
Hornby & Drake,1290,2.477551162790698,15.774289405684751,360.0,47.0,1150,2440,140,High Source,27.9,3.6,,Hornby & Drake,,
Hornby & Nelson,864,2.5104479166666667,15.87835648148148,302.0,25.0,735,1599,129,High Source,35.0,2.9,,Hornby & Nelson,,
Hornby & Pender,888,2.983158783783784,18.6321509009009,318.0,32.0,1088,1976,-200,High Sink,35.8,3.6,,Hornby & Pender,,
IK Barber Learning Centre,173,3.977982658959538,23.65616570327553,94.0,13.0,124,297,49,Balanced,54.3,7.5,,IK Barber Learning Centre,,
Jericho Beach,795,3.848120754716981,23.681761006289307,201.0,80.0,885,1680,-90,High Sink,25.3,10.1,,Jericho Beach,,
Jervis & Robson,878,1.9524225512528477,12.138819286256645,241.0,30.0,550,1428,328,High Source,27.4,3.4,,Jervis & Robson,,
Keefer & Abbott,930,2.733201075268817,17.702544802867383,211.0,29.0,1078,2008,-148,High Sink,22.7,3.1,,Keefer & Abbott,,
Keefer & Columbia,418,2.955700956937799,18.16774322169059,129.0,17.0,502,920,-84,High Sink,30.9,4.1,,Keefer & Columbia,,
Keefer & Hawks,275,2.4682145454545457,18.423878787878788,64.0,14.0,301,576,-26,Balanced,23.3,5.1,,Keefer & Hawks,,
Keefer & Princess,391,2.1588976982097186,13.57932651321398,93.0,19.0,319,710,72,High Source,23.8,4.9,,Keefer & Princess,,
Keith & 6th,205,3.1316146341463416,15.884308943089431,48.0,6.0,310,515,-105,High Sink,23.4,2.9,,Keith & 6th,,
King Edward & Cambie,277,1.9588375451263536,10.220998796630566,166.0,7.0,161,438,116,High Source,59.9,2.5,,King Edward & Cambie,,
Kitsilano Beach Park,1269,4.1530795902285265,26.898975571316,403.0,121.0,1642,2911,-373,High Sink,31.8,9.5,,Kitsilano Beach Park,,
Lakewood & Oxford,93,4.411161290322581,18.29086021505376,57.0,2.0,95,188,-2,Balanced,61.3,2.2,,Lakewood & Oxford,,
Lakewood & Triumph,161,4.054819875776397,22.578985507246376,84.0,12.0,166,327,-5,Balanced,52.2,7.5,,Lakewood & Triumph,,
Maple Tree Square,521,3.087257197696737,21.07773512476008,203.0,26.0,632,1153,-111,High Sink,39.0,5.0,,Maple Tree Square,,
Marinaside & Cooperage,847,3.1756540731995275,19.54207005116096,191.0,53.0,1049,1896,-202,High Sink,22.6,6.3,,Marinaside & Cooperage,,
Marinaside & Davie,919,3.312236126224157,20.60498730504171,197.0,60.0,1097,2016,-178,High Sink,21.4,6.5,,Marinaside & Davie,,
McLean & Pender,304,2.353098684210526,11.726644736842106,101.0,8.0,347,651,-43,Balanced,33.2,2.6,,McLean & Pender,,
McNicoll & Arbutus,453,3.840256070640177,28.396983075791024,181.0,28.0,675,1128,-222,High Sink,40.0,6.2,,McNicoll & Arbutus,,
Melville & Bute,477,3.3927148846960167,21.276345213137667,167.0,18.0,468,945,9,Balanced,35.0,3.8,,Melville & Bute,,
Morton & Denman,17,4.0428235294117645,22.21666666666667,8.0,1.0,54,71,-37,Balanced,47.1,5.9,,Morton & Denman,,
Napier & Commercial,182,3.035164835164835,22.02619047619048,66.0,3.0,145,327,37,Balanced,36.3,1.6,,Napier & Commercial,,
Nelson & Denman,440,2.3987295454545454,18.4705303030303,169.0,31.0,473,913,-33,Balanced,38.4,7.0,,Nelson & Denman,,
Nelson & Mainland,539,2.952330241187384,16.836920222634507,124.0,13.0,532,1071,7,Balanced,23.0,2.4,,Nelson & Mainland,,
Nelson & Richards,792,2.498686868686869,15.545349326599323,146.0,22.0,618,1410,174,High Source,18.4,2.8,,Nelson & Richards,,
Nicola & Robson,394,2.384355329949239,17.508714043993233,167.0,13.0,357,751,37,Balanced,42.4,3.3,,Nicola & Robson,,
Olympic Village Station,880,2.372394318181818,18.09651515151515,139.0,28.0,1049,1929,-169,High Sink,15.8,3.2,,Olympic Village Station,,
Ontario & 16th,254,2.407047244094488,13.991141732283465,95.0,3.0,210,464,44,Balanced,37.4,1.2,,Ontario & 16th,,
Ontario & 23rd,171,3.0997777777777777,15.078947368421051,79.0,8.0,132,303,39,Balanced,46.2,4.7,,Ontario & 23rd,,
Ontario & 5th,550,2.519627272727273,16.324666666666666,152.0,15.0,759,1309,-209,High Sink,27.6,2.7,,Ontario & 5th,,
Ontario & Seawall,1361,3.0334658339456277,19.775091844232183,251.0,64.0,1660,3021,-299,High Sink,18.4,4.7,,Ontario & Seawall,,
Orchard Commons,132,2.356022727272727,13.386111111111113,83.0,16.0,123,255,9,Balanced,62.9,12.1,,Orchard Commons,,
Pacific & Richards,846,2.6751713947990545,15.13741134751773,215.0,49.0,811,1657,35,Balanced,25.4,5.8,,Pacific & Richards,,
Pender & Burrard,346,3.352089595375723,18.601445086705205,101.0,16.0,405,751,-59,High Sink,29.2,4.6,,Pender & Burrard,,
Pender & Commercial,78,3.4153846153846152,17.894658119658118,22.0,0.0,66,144,12,Balanced,28.2,0.0,,Pender & Commercial,,
Pender & Gore,356,2.642081460674157,20.425795880149813,137.0,12.0,310,666,46,Balanced,38.5,3.4,,Pender & Gore,,
Pender & Victoria,99,4.0796363636363635,17.293602693602693,34.0,4.0,58,157,41,Balanced,34.3,4.0,,Pender & Victoria,,
Pharmaceutical Sciences,47,3.1781914893617023,14.508156028368797,26.0,2.0,47,94,0,Balanced,55.3,4.3,,Pharmaceutical Sciences,,
Pine & 10th,331,2.884453172205438,14.42814702920443,100.0,13.0,255,586,76,High Source,30.2,3.9,,Pine & 10th,,
Point Grey & Bayswater,285,3.509761403508772,23.266491228070176,70.0,17.0,311,596,-26,Balanced,24.6,6.0,,Point Grey & Bayswater,,
Point Grey & Blenheim,239,3.762949790794979,25.050278940027894,50.0,12.0,221,460,18,Balanced,20.9,5.0,,Point Grey & Blenheim,,
Prince Edward & 14th,176,2.2278920454545452,15.348768939393938,62.0,14.0,131,307,45,Balanced,35.2,8.0,,Prince Edward & 14th,,
Prince Edward & 16th,184,3.066744565217391,22.630706521739132,41.0,5.0,148,332,36,Balanced,22.3,2.7,,Prince Edward & 16th,,
Princess & Union,357,2.3177871148459386,18.51325863678805,125.0,13.0,352,709,5,Balanced,35.0,3.6,,Princess & Union,,
Quebec & 1st,796,2.751458542713568,14.950376884422113,169.0,23.0,832,1628,-36,Balanced,21.2,2.9,,Quebec & 1st,,
Quebec & 3rd,131,3.1022595419847327,16.37888040712468,32.0,5.0,151,282,-20,Balanced,24.4,3.8,,Quebec & 3rd,,
Richards & Cordova,217,3.000396313364055,20.052764976958525,67.0,6.0,263,480,-46,Balanced,30.9,2.8,,Richards & Cordova,,
Richards & Davie,1089,2.239544536271809,13.097214569941842,329.0,32.0,1094,2183,-5,Balanced,30.2,2.9,,Richards & Davie,,
Richards & Helmcken,628,2.1480414012738853,12.883704883227177,201.0,15.0,528,1156,100,High Source,32.0,2.4,,Richards & Helmcken,,
Richards & Robson,827,1.9533494558645708,12.072228939943573,186.0,11.0,781,1608,46,Balanced,22.5,1.3,,Richards & Robson,,
Richards & Smithe,911,2.22456641053787,18.31878887669228,251.0,24.0,890,1801,21,Balanced,27.6,2.6,,Richards & Smithe,,
Robson & Beatty,438,3.0336872146118723,22.35140791476408,110.0,10.0,450,888,-12,Balanced,25.1,2.3,,Robson & Beatty,,
Robson & Granville,703,2.500166429587482,16.679421526789948,167.0,29.0,493,1196,210,High Source,23.8,4.1,,Robson & Granville,,
Robson & Hornby,534,2.382769662921348,15.885424469413236,131.0,10.0,496,1030,38,Balanced,24.5,1.9,,Robson & Hornby,,
Rogers Tower,619,6.430423263327948,40.899784598815295,273.0,90.0,583,1202,36,Balanced,44.1,14.5,,Rogers Tower,,
Rolston & Granville,412,3.1610339805825243,19.407483818770228,178.0,19.0,467,879,-55,High Sink,43.2,4.6,,Rolston & Granville,,
Sasamat & 10th,156,4.159044871794872,31.97681623931624,44.0,8.0,96,252,60,High Source,28.2,5.1,,Sasamat & 10th,,
Science World,1207,2.7477133388566695,15.151242750621376,226.0,41.0,1318,2525,-111,High Sink,18.7,3.4,,Science World,,
Seymour & Cordova,298,3.70863422818792,19.962136465324388,111.0,25.0,309,607,-11,Balanced,37.2,8.4,,Seymour & Cordova,,
Smithe & Burrard,1185,2.3001054852320677,15.638706047819973,543.0,49.0,1094,2279,91,High Source,45.8,4.1,,Smithe & Burrard,,
Spanish Banks East,495,5.267773737373738,36.75427609427609,193.0,66.0,602,1097,-107,High Sink,39.0,13.3,,Spanish Banks East,,
Spyglass & Seawall,359,2.895490250696379,20.326787372330543,44.0,20.0,391,750,-32,Balanced,12.3,5.6,,Spyglass & Seawall,,
St Catherines & 7th,208,2.894139423076923,16.784455128205128,68.0,6.0,207,415,1,Balanced,32.7,2.9,,St Catherines & 7th,,
St George & Broadway,178,2.724191011235955,13.649531835205991,47.0,2.0,106,284,72,High Source,26.4,1.1,,St George & Broadway,,
Stamps Landing,563,2.9898312611012434,20.80023682652457,112.0,21.0,590,1153,-27,Balanced,19.9,3.7,,Stamps Landing,,
Stanley Park - Information Booth,4068,7.854550147492626,61.2021878072763,2340.0,1709.0,3040,7108,1028,High Source,57.5,42.0,,Stanley Park - Information Booth,,
Stanley Park - Second Beach North,1574,4.714173443456163,32.78643583227446,446.0,287.0,2342,3916,-768,High Sink,28.3,18.2,,Stanley Park - Second Beach North,,
Stanley Park - Second Beach South,1378,5.603394775036285,41.55755926463473,443.0,379.0,1717,3095,-339,High Sink,32.1,27.5,,Stanley Park - Second Beach South,,
Stanley Park - Third Beach Parking Lot,1679,4.8012156045265035,33.605598570577726,539.0,302.0,1951,3630,-272,High Sink,32.1,18.0,,Stanley Park - Third Beach Parking Lot,,
Stanley Park - Totem Poles,2011,6.88192093485828,50.83765953920106,695.0,377.0,1645,3656,366,High Source,34.6,18.7,,Stanley Park - Totem Poles,,
Stanley Park - Vancouver Aquarium,990,6.270203030303031,51.265218855218855,426.0,228.0,710,1700,280,High Source,43.0,23.0,,Stanley Park - Vancouver Aquarium,,
Station & Terminal,147,2.717244897959184,20.688321995464857,61.0,7.0,254,401,-107,High Sink,41.5,4.8,,Station & Terminal,,
Strangway Building,168,2.549511904761905,13.564880952380951,59.0,5.0,156,324,12,Balanced,35.1,3.0,,Strangway Building,,
Thornton & National,95,2.4897894736842106,15.416666666666666,21.0,4.0,135,230,-40,Balanced,22.1,4.2,,Thornton & National,49.2716147,-123.0933889
Thunderbird & Thunderbird,135,2.917637037037037,19.078395061728397,80.0,11.0,117,252,18,Balanced,59.3,8.1,,Thunderbird & Thunderbird,49.2603439,-123.2449832
Thunderbird Parkade,154,2.836597402597403,19.087878787878783,108.0,17.0,133,287,21,Balanced,70.1,11.0,,Thunderbird Parkade,49.2615983,-123.2430367
Thurlow & Pendrell,711,2.1630646976090016,12.861134552273793,243.0,26.0,432,1143,279,High Source,34.2,3.7,,Thurlow & Pendrell,,
Totem Park,54,4.237018518518519,24.086111111111112,37.0,11.0,72,126,-18,Balanced,68.5,20.4,,Totem Park,,
Trafalgar & Broadway,351,3.3838347578347574,17.98252611585945,92.0,10.0,360,711,-9,Balanced,26.2,2.8,,Trafalgar & Broadway,49.26402940000001,-123.1646498
Trafalgar & Cornwall,251,3.658697211155378,21.78877822045153,39.0,12.0,240,491,11,Balanced,15.5,4.8,,Trafalgar & Cornwall,,
Trimble & 8th,97,4.411752577319588,28.504467353951892,38.0,9.0,77,174,20,Balanced,39.2,9.3,,Trimble & 8th,,
Triumph & Victoria,85,4.143141176470588,21.236470588235292,34.0,1.0,98,183,-13,Balanced,40.0,1.2,,Triumph & Victoria,,
UBC Bookstore,157,3.99112101910828,29.426114649681526,92.0,14.0,129,286,28,Balanced,58.6,8.9,,UBC Bookstore,49.2652012,-123.2503841
Union & Dunlevy,784,2.241414540816326,15.762840136054423,258.0,109.0,831,1615,-47,Balanced,32.9,13.9,,Union & Dunlevy,,
Vanier Park,290,3.3707000000000003,25.781149425287353,62.0,12.0,300,590,-10,Balanced,21.4,4.1,,Vanier Park,,
Victoria & 10th,91,3.905901098901099,21.16739926739927,30.0,6.0,81,172,10,Balanced,33.0,6.6,,Victoria & 10th,,
Victoria & 4th,144,2.9691111111111113,15.736921296296297,50.0,6.0,98,242,46,Balanced,34.7,4.2,,Victoria & 4th,49.2458084,-123.0651929
Vine & 4th,566,3.1019363957597172,20.109628975265014,246.0,9.0,525,1091,41,Balanced,43.5,1.6,,Vine & 4th,,
Wall & Eton,85,3.954188235294118,20.225098039215684,42.0,14.0,90,175,-5,Balanced,49.4,16.5,,Wall & Eton,49.287691,-123.0526421
Wallace & 4th,97,4.472659793814433,29.289518900343644,32.0,24.0,96,193,1,Balanced,33.0,24.7,,Wallace & 4th,,
War Memorial Gym,269,3.262985130111524,24.071561338289964,159.0,12.0,238,507,31,Balanced,59.1,4.5,,War Memorial Gym,49.2666872,-123.2477648
Wesbrook Village - Berton & Shrum,363,3.363834710743802,27.78787878787879,207.0,51.0,367,730,-4,Balanced,57.0,14.0,,Wesbrook Village - Berton & Shrum,49.2546572,-123.2363536
West Mall Swing Space Building,366,3.277846994535519,18.66252276867031,174.0,32.0,380,746,-14,Balanced,47.5,8.7,,West Mall Swing Space Building,49.2628291,-123.2543588
Windsor & 14th,217,3.2823179723502305,19.686789554531487,59.0,10.0,194,411,23,Balanced,27.2,4.6,,Windsor & 14th,49.2375509,-123.0846751
Woodland & 10th,158,2.459854430379747,20.10664556962025,48.0,12.0,172,330,-14,Balanced,30.4,7.6,,Woodland & 10th,,
Woodland & 4th,297,3.157528619528619,15.32087542087542,130.0,10.0,307,604,-10,Balanced,43.8,3.4,,Woodland & 4th,,
Woodland & Graveley,183,2.2547103825136614,10.3724043715847,48.0,5.0,119,302,64,High Source,26.2,2.7,,Woodland & Graveley,49.2705426,-123.073481
Workshop - Balancer Bike Check In,1,3.628,15.533333333333331,0.0,0.0,18,19,-17,Balanced,0.0,0.0,,Workshop - Balancer Bike Check In,,
Workshop - Bike Testing,1,3.11,14.016666666666667,1.0,0.0,6,7,-5,Balanced,100.0,0.0,,Workshop - Bike Testing,,
Workshop - Demo Station,24,4.090958333333333,29.438888888888886,22.0,2.0,33,57,-9,Balanced,91.7,8.3,,Workshop - Demo Station,,
Workshop - Service Complete,26,2.447923076923077,61.78653846153846,19.0,4.0,14,40,12,Balanced,73.1,15.4,,Workshop - Service Complete,49.2853539,-123.1216495
Wylie & 2nd,537,2.3361527001862195,14.092489137181872,158.0,10.0,595,1132,-58,High Sink,29.4,1.9,,Wylie & 2nd,,
Yaletown-Roundhouse Station,612,2.692705882352941,17.37328431372549,172.0,30.0,907,1519,-295,High Sink,28.1,4.9,,Yaletown-Roundhouse Station,,
Yew & Broadway,519,2.496423892100193,16.535228002569042,174.0,18.0,421,940,98,High Source,33.5,3.5,,Yew & Broadway,49.2638668,-123.1553435
York & Yew,464,3.5981724137931033,20.828304597701152,151.0,26.0,520,984,-56,High Sink,32.5,5.6,,York & Yew,,
Yukon & 6th,518,2.478007722007722,14.90997425997426,195.0,10.0,571,1089,-53,High Sink,37.6,1.9,,Yukon & 6th,,
qəlɬaləməcən leləm | Orca House,210,4.239690476190477,37.85269841269841,75.0,26.0,173,383,37,Balanced,35.7,12.4,,qəlɬaləməcən leləm | Orca House,49.2687548,-123.2497126
šxʷƛ̓ənəq Xwtl'e7énḵ Square - Vancouver Art Gallery,837,2.911964157706093,17.170390282755875,254.0,25.0,812,1649,25,Balanced,30.3,3.0,,šxʷƛ̓ənəq Xwtl'e7énḵ Square - Vancouver Art Gallery,,
